transaction_hash,source_entity,target_entity,amount,timestamp,transaction_type
0x4d3b901baf4e0adb,Trader_94,Trader_75,4943.61,2024-08-04 16:00:00,TRANSFER
0x9b0b52258e2e8a5d,Trader_2,Trader_57,4868.4,2024-08-19 16:00:00,TRANSFER
0x1e1ef269f638b471,Trader_19,Trader_43,1248.61,2024-08-27 20:00:00,TRANSFER
0x10566ec431ab62d2,Trader_35,Trader_13,4001.94,2024-07-08 14:00:00,TRANSFER
0x90b2568e129de8c8,Trader_57,Trader_15,4521.98,2024-07-14 20:00:00,TRANSFER
0x57932620b7bd3914,Trader_65,Trader_89,3187.72,2024-08-12 18:00:00,TRANSFER
0xc1a8978bc359fdcc,Trader_57,Trader_76,408.67,2024-08-24 01:00:00,TRANSFER
0x9df677de93c09dca,Trader_91,Trader_46,3798.29,2024-08-13 01:00:00,TRANSFER
0xd230cf024890992d,Trader_19,Trader_86,2351.19,2024-07-23 05:00:00,TRANSFER
0x1f35e244590fd8f8,Trader_48,Trader_42,1198.28,2024-08-19 10:00:00,TRANSFER
0x849a3f2f65130628,Trader_53,Trader_82,901.35,2024-08-27 09:00:00,TRANSFER
0xc394b8db95e169d4,Trader_97,Trader_75,609.94,2024-08-25 15:00:00,TRANSFER
0xa1799eb19e5351bf,Trader_93,Trader_83,3128.81,2024-08-19 22:00:00,TRANSFER
0x70496b71e6d778ca,Trader_25,Trader_48,942.6,2024-08-12 04:00:00,TRANSFER
0x66d0007023a3ff03,Trader_83,Trader_96,3056.4,2024-08-09 23:00:00,TRANSFER
0xea3cd44e7220fa1d,Trader_27,Trader_90,953.16,2024-08-24 14:00:00,TRANSFER
0x59409d6d5a4f3e34,Trader_28,Trader_56,3223.3,2024-08-30 22:00:00,TRANSFER
0xfd50c5595aaca85d,Trader_47,Trader_25,95.69,2024-08-23 15:00:00,TRANSFER
0xb159cd186fe30305,Trader_76,Trader_86,1788.06,2024-07-16 23:00:00,TRANSFER
0xf2171709d3f335f2,Trader_7,Trader_53,4851.91,2024-07-30 11:00:00,TRANSFER
0x3089e5e125820368,Trader_68,Trader_23,159.71,2024-08-04 19:00:00,TRANSFER
0x74b31baf38108f37,Trader_63,Trader_68,1239.19,2024-07-07 19:00:00,TRANSFER
0x2eb29492274cda40,Trader_67,Trader_99,1858.61,2024-07-02 10:00:00,TRANSFER
0xcc22d72a777b3f77,Trader_3,Trader_63,1119.41,2024-08-27 04:00:00,TRANSFER
0x89291338f26531e8,Trader_26,Trader_51,2611.51,2024-07-26 16:00:00,TRANSFER
0x163370844005eeb5,Trader_33,Trader_63,3847.8,2024-08-28 19:00:00,TRANSFER
0xc9a47d1707e04b36,Trader_83,Trader_60,3901.07,2024-07-25 06:00:00,TRANSFER
0x62b215f984a92359,Trader_63,Trader_15,4448.48,2024-07-14 06:00:00,TRANSFER
0x522728d5d6d24dd4,Trader_64,Trader_74,4810.11,2024-07-04 16:00:00,TRANSFER
0x2782b9eb3c9f20ce,Trader_33,Trader_89,1331.89,2024-07-16 00:00:00,TRANSFER
0xe6fe8c62e6d817ff,Trader_61,Trader_37,911.37,2024-07-02 08:00:00,TRANSFER
0x1a2d5f51b2bd1ded,Trader_40,Trader_61,4189.54,2024-07-17 23:00:00,TRANSFER
0x8ad937eee63fe492,Trader_79,Trader_69,3009.3,2024-08-11 03:00:00,TRANSFER
0xf0be8eb86d19456b,Trader_10,Trader_46,4348.23,2024-08-12 07:00:00,TRANSFER
0xb5f5fbebbc3c6670,Trader_70,Trader_61,3150.17,2024-08-14 00:00:00,TRANSFER
0x551411c252fd51b8,Trader_67,Trader_23,177.58,2024-08-11 23:00:00,TRANSFER
0x8e4b1efb501a03d4,Trader_80,Trader_64,1837.18,2024-07-10 10:00:00,TRANSFER
0xe26e66496062f647,Trader_70,Trader_29,2454.51,2024-07-06 03:00:00,TRANSFER
0x9bbd4fc422981171,Trader_82,Trader_65,3712.55,2024-07-14 05:00:00,TRANSFER
0xa444cfac3685688e,Trader_81,Trader_95,4212.02,2024-07-20 14:00:00,TRANSFER
0x3bb00599ac127515,Trader_50,Trader_51,1640.13,2024-07-08 00:00:00,TRANSFER
0x0eda0347c69310ee,Trader_40,Trader_17,2069.53,2024-08-23 13:00:00,TRANSFER
0x269cc68874347b52,Trader_31,Trader_7,2256.02,2024-07-30 05:00:00,TRANSFER
0x704e73078a56c3b6,Trader_25,Trader_46,487.3,2024-07-26 02:00:00,TRANSFER
0x37c59a5d7728caee,Trader_53,Trader_72,2715.33,2024-08-22 12:00:00,TRANSFER
0xa2082b784df6fa23,Trader_78,Trader_38,380.54,2024-08-22 22:00:00,TRANSFER
0x6fa264752b431641,Trader_11,Trader_1,4662.87,2024-08-25 02:00:00,TRANSFER
0x06777e944f274e07,Trader_92,Trader_73,3446.78,2024-08-07 04:00:00,TRANSFER
0x2af53224adcd8d9d,Trader_47,Trader_72,3110.45,2024-08-12 15:00:00,TRANSFER
0xa7fbfd92a06f2b53,Trader_12,Trader_63,3436.91,2024-08-09 19:00:00,TRANSFER
0xc3143cb7655b28a6,Trader_28,Trader_34,190.19,2024-07-23 16:00:00,TRANSFER
0x18546f7911b62b18,Trader_75,Trader_42,2831.44,2024-08-11 14:00:00,TRANSFER
0x33a7f61b7712249d,Trader_33,Trader_66,2286.2,2024-07-17 02:00:00,TRANSFER
0xa54db5600075d6f3,Trader_57,Trader_66,1560.64,2024-07-03 17:00:00,TRANSFER
0x735e0d829c340ad7,Trader_84,Trader_77,1731.72,2024-07-05 11:00:00,TRANSFER
0xd75f82cb826525d7,Trader_34,Trader_4,2931.96,2024-07-28 22:00:00,TRANSFER
0x81636cea990ed507,Trader_22,Trader_72,1274.24,2024-08-09 14:00:00,TRANSFER
0x72ad79fbec6be4c8,Trader_30,Trader_92,1935.73,2024-07-06 18:00:00,TRANSFER
0xdfd33535850715da,Trader_6,Trader_7,2738.86,2024-07-31 01:00:00,TRANSFER
0xbcdc0e7095a99e39,Trader_31,Trader_9,380.52,2024-08-29 06:00:00,TRANSFER
0x54e61121173597b9,Trader_42,Trader_43,1970.09,2024-07-01 00:00:00,TRANSFER
0x7d0f7208fac202c8,Trader_41,Trader_84,1150.55,2024-08-13 23:00:00,TRANSFER
0x857165384c0d0b01,Trader_51,Trader_41,4698.94,2024-08-09 20:00:00,TRANSFER
0xd0a334776b58b62f,Trader_35,Trader_83,568.07,2024-08-19 11:00:00,TRANSFER
0x156d65f6d8c02692,Trader_48,Trader_90,4097.9,2024-07-31 07:00:00,TRANSFER
0xdf992ed3e37814e8,Trader_80,Trader_36,809.1,2024-07-11 04:00:00,TRANSFER
0x586749bcaa97ee12,Trader_81,Trader_82,4440.58,2024-08-03 19:00:00,TRANSFER
0x0a150d3c9f42734e,Trader_75,Trader_58,3284.61,2024-07-18 16:00:00,TRANSFER
0xa04cc1a4c77ac7d1,Trader_27,Trader_35,775.88,2024-07-31 20:00:00,TRANSFER
0xa9748a14fe36f7b8,Trader_62,Trader_97,3242.28,2024-08-16 03:00:00,TRANSFER
0x670850e809a4ae9c,Trader_85,Trader_78,4031.85,2024-07-04 09:00:00,TRANSFER
0xebdc0953787401f7,Trader_19,Trader_59,715.23,2024-07-03 16:00:00,TRANSFER
0x48fff3732fb85611,Trader_8,Trader_33,3364.93,2024-07-12 00:00:00,TRANSFER
0xc496161f9406a56f,Trader_55,Trader_21,4819.13,2024-08-28 03:00:00,TRANSFER
0x195c85f5e2c7d613,Trader_96,Trader_37,651.57,2024-08-29 20:00:00,TRANSFER
0x523557504b6090fa,Trader_37,Trader_36,1860.46,2024-07-13 19:00:00,TRANSFER
0x400f069c08c1641c,Trader_19,Trader_11,290.19,2024-07-07 00:00:00,TRANSFER
0x1df8e678e59bdbad,Trader_99,Trader_83,4074.12,2024-08-03 20:00:00,TRANSFER
0x0360b5863f5a1174,Trader_95,Trader_4,2775.65,2024-08-24 17:00:00,TRANSFER
0xca9fc7a86dbd9b95,Trader_69,Trader_93,2915.74,2024-07-15 23:00:00,TRANSFER
0xb982e89d09bd17c8,Trader_88,Trader_99,537.4,2024-07-02 15:00:00,TRANSFER
0x1ac5977c299c1ae7,Trader_88,Trader_16,1172.18,2024-07-07 06:00:00,TRANSFER
0x6f44bede9069e9e1,Trader_21,Trader_48,3095.84,2024-08-07 11:00:00,TRANSFER
0x5dd7063b1640b538,Trader_42,Trader_41,2951.01,2024-07-18 06:00:00,TRANSFER
0x6b2842f674d93759,Trader_2,Trader_72,4925.45,2024-07-27 03:00:00,TRANSFER
0x4bf31df41ef28aab,Trader_78,Trader_79,3669.65,2024-07-27 21:00:00,TRANSFER
0x678d9189a820d35c,Trader_49,Trader_48,543.11,2024-08-23 08:00:00,TRANSFER
0xe826ebc196210848,Trader_99,Trader_26,2574.46,2024-08-20 07:00:00,TRANSFER
0xced938863075ab73,Trader_36,Trader_99,1092.03,2024-07-20 07:00:00,TRANSFER
0xbf09ccf8749086fc,Trader_35,Trader_83,204.61,2024-08-14 14:00:00,TRANSFER
0x89b5c645da1b6734,Trader_89,Trader_80,1712.82,2024-07-17 16:00:00,TRANSFER
0xdf0bbb21e475b534,Trader_71,Trader_19,607.26,2024-07-13 09:00:00,TRANSFER
0x4855d2328f4f1b50,Trader_10,Trader_24,1311.95,2024-07-14 08:00:00,TRANSFER
0xff70d9fc7fbb2430,Trader_6,Trader_47,2024.72,2024-08-06 23:00:00,TRANSFER
0x80a92a729abeeef5,Trader_32,Trader_48,4720.63,2024-08-16 19:00:00,TRANSFER
0x11560f8fb9f63b5c,Trader_76,Trader_85,4795.7,2024-07-30 03:00:00,TRANSFER
0xfb33fa89220d8bd9,Trader_70,Trader_94,2872.45,2024-07-04 00:00:00,TRANSFER
0xabee20b1f596ef7b,Trader_29,Trader_60,4441.3,2024-08-04 15:00:00,TRANSFER
0x13c51eb3e413d41d,Trader_37,Trader_77,472.58,2024-07-01 14:00:00,TRANSFER
0xa22e7f8f241ced09,Trader_60,Trader_11,228.55,2024-08-03 18:00:00,TRANSFER
0x136a976cabf555d0,Trader_4,Trader_29,3134.45,2024-08-03 12:00:00,TRANSFER
0xa47c38fe128dccb0,Trader_69,Trader_63,3289.95,2024-07-02 02:00:00,TRANSFER
0xe621488c208098e9,Trader_74,Trader_13,601.94,2024-07-08 06:00:00,TRANSFER
0xf21e16951679e8b3,Trader_82,Trader_87,1183.04,2024-08-05 16:00:00,TRANSFER
0x808a2e9f7c6f75c0,Trader_27,Trader_24,2625.18,2024-08-23 16:00:00,TRANSFER
0xdb971eab0b3e0698,Trader_73,Trader_15,3866.64,2024-08-11 20:00:00,TRANSFER
0x9f556372c70f5491,Trader_44,Trader_8,3173.17,2024-08-20 13:00:00,TRANSFER
0x51a02a1a07541637,Trader_93,Trader_32,1675.3,2024-08-29 15:00:00,TRANSFER
0x4ecea7e24b457e66,Trader_20,Trader_84,4544.96,2024-07-19 13:00:00,TRANSFER
0x07875655355ad071,Trader_3,Trader_91,4998.12,2024-08-05 08:00:00,TRANSFER
0xc8d1d1023e8a5c50,Trader_84,Trader_22,540.88,2024-08-11 08:00:00,TRANSFER
0x50842f67d75d70cd,Trader_38,Trader_65,3505.18,2024-07-19 18:00:00,TRANSFER
0x7e4e4af28aae3056,Trader_93,Trader_15,257.12,2024-08-30 07:00:00,TRANSFER
0xe04138dbd331aa07,Trader_43,Trader_69,4718.05,2024-07-29 07:00:00,TRANSFER
0x6748dddadc999cf1,Trader_89,Trader_98,47.62,2024-07-11 05:00:00,TRANSFER
0xac7b03230247fd12,Trader_56,Trader_5,1827.98,2024-07-22 03:00:00,TRANSFER
0x1cf16c202ff6a1c9,Trader_30,Trader_17,1870.96,2024-07-06 10:00:00,TRANSFER
0xbc159ca231494eff,Trader_67,Trader_1,461.13,2024-08-18 23:00:00,TRANSFER
0x7716320974730b33,Trader_57,Trader_16,4837.51,2024-08-15 19:00:00,TRANSFER
0x104d1683234ef0d4,Trader_94,Trader_14,2772.3,2024-07-06 21:00:00,TRANSFER
0xa900c4bbb13e78ab,Trader_82,Trader_19,4467.01,2024-07-10 13:00:00,TRANSFER
0x851b28ee11677ce9,Trader_62,Trader_10,1123.1,2024-07-19 18:00:00,TRANSFER
0x046d9134dc8d6854,Trader_9,Trader_82,4569.74,2024-08-10 18:00:00,TRANSFER
0x8c185bc5b9d213bc,Trader_58,Trader_8,4280.83,2024-08-22 17:00:00,TRANSFER
0x01cad27849b30eaf,Trader_65,Trader_32,3122.72,2024-08-22 12:00:00,TRANSFER
0x6e54a0814c181ba4,Trader_24,Trader_4,545.09,2024-08-17 05:00:00,TRANSFER
0xa1ee8bcc5dcdfa34,Trader_52,Trader_50,4347.99,2024-07-23 00:00:00,TRANSFER
0xa1f87918f7a165d8,Trader_51,Trader_43,2756.49,2024-07-29 14:00:00,TRANSFER
0x99b0f5049bb4a596,Trader_16,Trader_13,3780.51,2024-07-09 03:00:00,TRANSFER
0xb691effa079b84b0,Trader_62,Trader_16,4230.02,2024-08-14 13:00:00,TRANSFER
0x823b7b3ee5f8c1fc,Trader_5,Trader_51,1134.73,2024-08-08 02:00:00,TRANSFER
0x0f3fbd6e38a55346,Trader_28,Trader_74,3816.3,2024-07-14 16:00:00,TRANSFER
0x39c863c359e02af2,Trader_10,Trader_45,631.03,2024-07-03 20:00:00,TRANSFER
0x803f933ca56d80b9,Trader_71,Trader_10,1999.0,2024-07-17 23:00:00,TRANSFER
0x7e5b6ec1150f6774,Trader_71,Trader_8,1642.54,2024-07-09 21:00:00,TRANSFER
0xa8494868e9747672,Trader_66,Trader_54,155.27,2024-08-10 20:00:00,TRANSFER
0x61ed0335105101b0,Trader_4,Trader_28,4190.27,2024-08-30 05:00:00,TRANSFER
0x7790c4f6f94b92dc,Trader_77,Trader_34,1112.06,2024-07-24 03:00:00,TRANSFER
0xd1da17bf42730a7b,Trader_72,Trader_44,3475.17,2024-08-02 21:00:00,TRANSFER
0xf0c706074ff55a6c,Trader_41,Trader_96,2069.69,2024-08-15 06:00:00,TRANSFER
0xcd0a693927eb99f4,Trader_18,Trader_45,1450.37,2024-08-22 11:00:00,TRANSFER
0x7d18bc3199840adb,Trader_10,Trader_55,3200.38,2024-08-11 15:00:00,TRANSFER
0x6aca16f0ca33ec68,Trader_82,Trader_76,4025.5,2024-08-15 15:00:00,TRANSFER
0x862ed4be1d685af1,Trader_81,Trader_1,1648.78,2024-07-24 00:00:00,TRANSFER
0x5ee81127214514e6,Trader_87,Trader_64,1573.63,2024-08-09 04:00:00,TRANSFER
0xe5b547ff5d0a990a,Trader_19,Trader_74,589.6,2024-08-19 01:00:00,TRANSFER
0xe5120d98c09c6531,Trader_85,Trader_49,2176.67,2024-07-18 03:00:00,TRANSFER
0x793f708d2a35b60f,Trader_4,Trader_31,887.29,2024-07-04 03:00:00,TRANSFER
0xb33c8ab8ff460f76,Trader_7,Trader_35,16.14,2024-08-29 12:00:00,TRANSFER
0x757d2df71718fdea,Trader_58,Trader_3,3074.22,2024-07-26 11:00:00,TRANSFER
0x2b1d01effed3d339,Trader_92,Trader_44,1000.08,2024-07-08 06:00:00,TRANSFER
0x58b707c71b5db9f6,Trader_87,Trader_94,816.96,2024-08-16 20:00:00,TRANSFER
0x6687921404b62126,Trader_47,Trader_80,3008.58,2024-07-01 23:00:00,TRANSFER
0xe408aca83817218d,Trader_86,Trader_31,1029.87,2024-07-10 22:00:00,TRANSFER
0x99a8019a84ac93e4,Trader_63,Trader_59,1802.46,2024-08-03 13:00:00,TRANSFER
0x39560ef4cfd5cba0,Trader_17,Trader_85,2532.13,2024-08-12 06:00:00,TRANSFER
0x5de3acb5e7dc61f9,Trader_15,Trader_6,2153.46,2024-08-24 06:00:00,TRANSFER
0x1c2b433bb6d499ef,Trader_86,Trader_59,2253.75,2024-07-05 02:00:00,TRANSFER
0xf39db7a6dc761405,Trader_29,Trader_85,3706.47,2024-07-06 09:00:00,TRANSFER
0xa23698e7c82dda68,Trader_38,Trader_82,727.48,2024-07-15 07:00:00,TRANSFER
0x29d20457b1530e1e,Trader_23,Trader_4,4009.35,2024-07-25 23:00:00,TRANSFER
0x1a38a636b0834b2d,Trader_87,Trader_28,4841.5,2024-07-26 06:00:00,TRANSFER
0x35023aee400b93a4,Trader_51,Trader_48,2556.7,2024-08-18 23:00:00,TRANSFER
0xdfe29642f0207cb9,Trader_88,Trader_25,4854.36,2024-07-05 22:00:00,TRANSFER
0x61592efec6262794,Trader_35,Trader_79,1623.16,2024-08-26 03:00:00,TRANSFER
0x5dedfed0b0e29200,Trader_68,Trader_59,1798.74,2024-08-21 10:00:00,TRANSFER
0xf53e1c2e701e59ea,Trader_42,Trader_59,1757.0,2024-07-21 06:00:00,TRANSFER
0xf2bd413d228bd60f,Trader_70,Trader_66,4760.8,2024-08-20 06:00:00,TRANSFER
0x124382607052b836,Trader_3,Trader_10,1928.57,2024-08-03 13:00:00,TRANSFER
0xadb6a48a34b983ae,Trader_99,Trader_79,1376.21,2024-07-22 06:00:00,TRANSFER
0xe8f3a22c7b15e048,Trader_78,Trader_12,3987.41,2024-07-30 04:00:00,TRANSFER
0x3fb1fc634c32542e,Trader_43,Trader_75,30.83,2024-07-22 15:00:00,TRANSFER
0x7caead61c7c5c56a,Trader_95,Trader_97,2518.11,2024-07-06 17:00:00,TRANSFER
0x62787b94b261869a,Trader_25,Trader_71,2930.37,2024-08-21 14:00:00,TRANSFER
0x0005dc21f2885bce,Trader_31,Trader_72,3418.3,2024-07-12 02:00:00,TRANSFER
0xacf101040f948f6d,Trader_94,Trader_97,2328.54,2024-08-15 15:00:00,TRANSFER
0xaaa0cba8ea964bb5,Trader_86,Trader_90,3832.82,2024-07-28 15:00:00,TRANSFER
0xdaf597ea30134204,Trader_20,Trader_93,3097.34,2024-07-26 01:00:00,TRANSFER
0x78eefca105870f27,Trader_15,Trader_65,1077.74,2024-07-04 19:00:00,TRANSFER
0x6861e5a2d31b7b9c,Trader_20,Trader_30,2504.94,2024-08-10 10:00:00,TRANSFER
0xb417f7f085fe4b67,Trader_73,Trader_60,3787.94,2024-07-02 19:00:00,TRANSFER
0x07fe806ba7b02d74,Trader_15,Trader_11,3284.35,2024-08-23 20:00:00,TRANSFER
0x5ebcd76a831a135e,Trader_3,Trader_48,3264.74,2024-08-16 14:00:00,TRANSFER
0xf03cf76441aef2cb,Trader_45,Trader_10,2143.57,2024-07-01 03:00:00,TRANSFER
0xee22319d3b91f20c,Trader_31,Trader_67,1769.93,2024-08-24 02:00:00,TRANSFER
0xc28fa888b27d71ea,Trader_27,Trader_64,963.8,2024-07-17 12:00:00,TRANSFER
0x2aab1b0154e693f2,Trader_50,Trader_38,2697.2,2024-07-29 10:00:00,TRANSFER
0xc1701e6e743678fb,Trader_48,Trader_11,3020.71,2024-07-04 08:00:00,TRANSFER
0x63c648a98d586bf4,Trader_6,Trader_60,841.01,2024-08-17 15:00:00,TRANSFER
0xf8ee0aeff981d709,Trader_99,Trader_92,1736.48,2024-08-09 18:00:00,TRANSFER
0x254131ac082192ff,Trader_96,Trader_45,4884.27,2024-08-09 17:00:00,TRANSFER
0x0834e360d622a0ad,Trader_47,Trader_20,3244.92,2024-08-29 21:00:00,TRANSFER
0xf5eb00e7228ca963,Trader_14,Trader_79,1095.19,2024-07-31 01:00:00,TRANSFER
0xf3e12cba686e0b30,Trader_79,Trader_39,3942.53,2024-07-29 05:00:00,TRANSFER
0x3d94485e275f5051,Trader_51,Trader_26,3895.05,2024-07-28 22:00:00,TRANSFER
0x2def3c3f9e4bcfcc,Trader_84,Trader_31,2453.68,2024-08-14 18:00:00,TRANSFER
0xe679e4c0e3e19281,Trader_12,Trader_68,2664.05,2024-07-21 14:00:00,TRANSFER
0x0efee689a7767c35,Trader_54,Trader_52,2409.89,2024-08-21 18:00:00,TRANSFER
0xa03552fed91c2ccb,Trader_72,Trader_25,2131.19,2024-08-05 13:00:00,TRANSFER
0x4334f0f11390565a,Trader_22,Trader_99,797.32,2024-07-05 21:00:00,TRANSFER
0xee14a07ec7a8c83c,Trader_29,Trader_50,1676.58,2024-08-08 08:00:00,TRANSFER
0x4711aa2fcef7727c,Trader_93,Trader_44,3892.03,2024-07-07 07:00:00,TRANSFER
0x9e4736c4466dfcb6,Trader_24,Trader_19,4710.19,2024-08-09 01:00:00,TRANSFER
0x349f591386e06b63,Trader_40,Trader_77,2953.4,2024-07-15 13:00:00,TRANSFER
0xf49da68537735bc9,Trader_45,Trader_57,4427.99,2024-07-01 16:00:00,TRANSFER
0x83bc96c7e322557a,Trader_57,Trader_52,3174.92,2024-07-22 17:00:00,TRANSFER
0xa06678f6f0090aa0,Trader_7,Trader_41,4364.99,2024-07-04 15:00:00,TRANSFER
0x970659c86a7511da,Trader_18,Trader_31,1885.25,2024-07-19 10:00:00,TRANSFER
0xb452385a26989fac,Trader_11,Trader_97,634.59,2024-07-25 02:00:00,TRANSFER
0x2f988ed56894cdf0,Trader_7,Trader_59,2777.84,2024-07-05 21:00:00,TRANSFER
0x0a60e881f3b6a615,Trader_16,Trader_17,1441.49,2024-07-29 06:00:00,TRANSFER
0xb55f21222f186dd1,Trader_17,Trader_57,2058.88,2024-08-22 11:00:00,TRANSFER
0x4fc1103105bca208,Trader_38,Trader_90,206.87,2024-07-20 04:00:00,TRANSFER
0xc4052c1e1baff6e1,Trader_69,Trader_91,927.86,2024-08-08 11:00:00,TRANSFER
0xea5f71703704e5f1,Trader_99,Trader_82,318.81,2024-07-15 07:00:00,TRANSFER
0x4e84e478a01318c4,Trader_12,Trader_1,3203.72,2024-08-17 19:00:00,TRANSFER
0x789f50498766faf4,Trader_99,Trader_4,682.4,2024-07-14 15:00:00,TRANSFER
0xc9ecb247df9cd79f,Trader_89,Trader_42,3150.49,2024-07-16 15:00:00,TRANSFER
0x9e543c64b2c7e2d4,Trader_75,Trader_1,2765.7,2024-08-27 09:00:00,TRANSFER
0x3187ea5a3b525cc3,Trader_84,Trader_55,507.35,2024-08-25 23:00:00,TRANSFER
0x629654e97551998a,Trader_68,Trader_5,3965.06,2024-08-11 02:00:00,TRANSFER
0xccd72d5ddf85ff54,Trader_32,Trader_90,470.72,2024-08-16 09:00:00,TRANSFER
0x6f3e2f8f639e7d76,Trader_81,Trader_19,233.15,2024-08-17 04:00:00,TRANSFER
0x67835e81aea255a3,Trader_65,Trader_89,3040.92,2024-07-24 02:00:00,TRANSFER
0x387a6ed0fdd77d69,Trader_76,Trader_17,2351.9,2024-07-05 05:00:00,TRANSFER
0xaf78919a9ebcfaa0,Trader_10,Trader_38,4973.07,2024-08-19 20:00:00,TRANSFER
0x5da099b0c6fda1bb,Trader_31,Trader_47,2951.47,2024-07-29 22:00:00,TRANSFER
0x8febf58c7a552d74,Trader_17,Trader_26,1374.37,2024-08-07 23:00:00,TRANSFER
0xbac7a384ca13179c,Trader_47,Trader_21,2636.01,2024-07-29 02:00:00,TRANSFER
0xf9cced1b98958452,Trader_58,Trader_32,3502.61,2024-08-20 07:00:00,TRANSFER
0x64e14b1dbe67644e,Trader_82,Trader_55,3673.26,2024-07-11 02:00:00,TRANSFER
0x43290f7c5656ef48,Trader_25,Trader_71,898.2,2024-08-09 18:00:00,TRANSFER
0x9bb29074dcee6501,Trader_92,Trader_40,1842.24,2024-08-14 22:00:00,TRANSFER
0x27c0276516974d14,Trader_65,Trader_26,1193.84,2024-08-04 12:00:00,TRANSFER
0xd28cbc8568debd47,Trader_12,Trader_32,1961.67,2024-08-21 00:00:00,TRANSFER
0xfdf71bebb2b5d022,Trader_54,Trader_56,3287.93,2024-08-09 16:00:00,TRANSFER
0x029b9fd62d9583c2,Trader_99,Trader_9,115.68,2024-08-28 09:00:00,TRANSFER
0xc3f0485c20d83b5b,Trader_63,Trader_24,2214.75,2024-07-02 06:00:00,TRANSFER
0xc7fcdf2f4bc4b2ca,Trader_80,Trader_54,3991.76,2024-07-29 11:00:00,TRANSFER
0xceff152e7668c01c,Trader_78,Trader_5,3798.77,2024-07-20 09:00:00,TRANSFER
0x90e4b8bb22beded2,Trader_9,Trader_14,3742.55,2024-08-13 09:00:00,TRANSFER
0x859498e61a049d67,Trader_62,Trader_24,3830.14,2024-07-20 18:00:00,TRANSFER
0xf018ce127ef47360,Trader_44,Trader_65,2162.73,2024-08-02 21:00:00,TRANSFER
0x73176e88b28086b0,Trader_89,Trader_16,885.14,2024-08-20 23:00:00,TRANSFER
0xccf75b79875e4be3,Trader_76,Trader_84,630.07,2024-07-17 03:00:00,TRANSFER
0xb5d76b6032829cf3,Trader_14,Trader_79,4204.2,2024-08-05 16:00:00,TRANSFER
0x4fd0ee4069400349,Trader_24,Trader_62,3737.69,2024-08-02 23:00:00,TRANSFER
0xa0caeb074551907f,Trader_57,Trader_89,2767.23,2024-08-08 04:00:00,TRANSFER
0xf0aa7c163d404711,Trader_58,Trader_11,4435.04,2024-08-21 09:00:00,TRANSFER
0x9d6a8ed3bf00e379,Trader_72,Trader_55,3691.09,2024-08-05 16:00:00,TRANSFER
0xe2bbb202ebf7d559,Trader_22,Trader_48,1667.5,2024-08-27 23:00:00,TRANSFER
0x30bff4536f9f719d,Trader_56,Trader_31,3283.14,2024-08-18 07:00:00,TRANSFER
0x609fade94f2ec1ed,Trader_56,Trader_51,808.05,2024-08-26 09:00:00,TRANSFER
0x907f53a35a125447,Trader_61,Trader_65,4769.29,2024-07-28 07:00:00,TRANSFER
0xaf73f6df8b671ab4,Trader_46,Trader_24,2241.43,2024-08-15 00:00:00,TRANSFER
0x94e52c0f845837f6,Trader_93,Trader_88,1902.5,2024-07-10 05:00:00,TRANSFER
0x5b42dc1a3c37d1df,Trader_53,Trader_39,703.92,2024-07-10 06:00:00,TRANSFER
0x834e6d8f433c7cc8,Trader_93,Trader_45,2172.89,2024-07-02 00:00:00,TRANSFER
0x0f8e976e22aaa28b,Trader_1,Trader_73,3445.82,2024-07-03 06:00:00,TRANSFER
0xe574b953184172c3,Trader_5,Trader_1,2058.94,2024-08-05 07:00:00,TRANSFER
0x63aae9c789b1640d,Trader_2,Trader_22,755.28,2024-08-14 21:00:00,TRANSFER
0x424062c19d9cfcdb,Trader_92,Trader_98,257.08,2024-08-14 15:00:00,TRANSFER
0x2eb3ea7d9a7451b5,Trader_57,Trader_31,1573.64,2024-08-17 18:00:00,TRANSFER
0x1e750aebee52212c,Trader_99,Trader_72,1471.08,2024-07-21 21:00:00,TRANSFER
0xc19bb8db89aba4d4,Trader_20,Trader_3,3887.73,2024-08-04 08:00:00,TRANSFER
0xb36678b3c86497fd,Trader_77,Trader_95,1415.4,2024-08-26 02:00:00,TRANSFER
0x6c2f914a509ac4ee,Trader_29,Trader_44,1244.82,2024-08-21 19:00:00,TRANSFER
0x4bc5ed24e8d08c18,Trader_95,Trader_2,4331.58,2024-08-06 11:00:00,TRANSFER
0x3628b941990652fd,Trader_14,Trader_77,1747.52,2024-07-30 16:00:00,TRANSFER
0xeeda9a1c0e39ec37,Trader_21,Trader_10,474.37,2024-08-25 17:00:00,TRANSFER
0xec1f157eae8303c8,Trader_29,Trader_47,2588.29,2024-07-30 13:00:00,TRANSFER
0xb121e585be46152e,Trader_3,Trader_1,4393.31,2024-08-01 09:00:00,TRANSFER
0x2a2cf4c675ddd6ec,Trader_13,Trader_53,4298.67,2024-07-11 15:00:00,TRANSFER
0xeda0ebbc0d22ba8d,Trader_24,Trader_30,3877.29,2024-08-02 01:00:00,TRANSFER
0xe9f20f650c9f17ea,Trader_86,Trader_43,430.03,2024-08-24 08:00:00,TRANSFER
0x65ed95881934e235,Trader_94,Trader_62,1504.64,2024-07-03 18:00:00,TRANSFER
0x0e9ed6b551feda91,Trader_70,Trader_87,2443.87,2024-07-31 05:00:00,TRANSFER
0x0ac2a981f2fb4ce5,Trader_2,Trader_52,426.59,2024-08-23 15:00:00,TRANSFER
0xec53837f966e92a0,Trader_58,Trader_56,2407.43,2024-07-21 22:00:00,TRANSFER
0x362e4339b823f946,Trader_45,Trader_51,169.46,2024-08-26 04:00:00,TRANSFER
0x60fc6b1a1c0057fa,Trader_54,Trader_58,2651.71,2024-08-05 08:00:00,TRANSFER
0x90a292ec562688aa,Trader_88,Trader_6,1140.04,2024-08-28 06:00:00,TRANSFER
0xabb2585b5169f537,Trader_69,Trader_91,3845.3,2024-07-23 16:00:00,TRANSFER
0x5b8b2bfee203188b,Trader_16,Trader_44,2320.59,2024-07-19 17:00:00,TRANSFER
0xdf1932d5aebb2842,Trader_10,Trader_48,4342.77,2024-07-21 20:00:00,TRANSFER
0x6cfbc8d772088fd1,Trader_43,Trader_17,2127.98,2024-07-25 07:00:00,TRANSFER
0x57122e0060e4a875,Trader_98,Trader_96,4187.83,2024-08-03 15:00:00,TRANSFER
0x8ce1e52d0fd89507,Trader_47,Trader_94,3008.68,2024-07-21 09:00:00,TRANSFER
0x8d5ee2476a9df6e4,Trader_59,Trader_64,2224.36,2024-07-20 13:00:00,TRANSFER
0xd54fdffa78139444,Trader_35,Trader_27,3666.0,2024-08-09 20:00:00,TRANSFER
0xe8e16e58730fce32,Trader_85,Trader_24,1130.59,2024-08-07 07:00:00,TRANSFER
0x6a4a99d690bb279f,Trader_21,Trader_23,4668.0,2024-08-04 14:00:00,TRANSFER
0x392949525e2b9804,Trader_6,Trader_20,159.26,2024-07-18 17:00:00,TRANSFER
0xb7db7dcf30f28b71,Trader_32,Trader_9,4500.66,2024-07-01 07:00:00,TRANSFER
0x099d0394b7d04675,Trader_20,Trader_65,523.53,2024-08-12 16:00:00,TRANSFER
0x79039644e4dc602e,Trader_51,Trader_66,385.88,2024-08-28 08:00:00,TRANSFER
0x13d46fd372ba0e5b,Trader_70,Trader_98,1742.71,2024-08-16 12:00:00,TRANSFER
0x2c1ad6c9a9c907c4,Trader_14,Trader_35,1039.28,2024-08-20 11:00:00,TRANSFER
0x09188e17cbb2c197,Trader_76,Trader_47,1610.79,2024-08-14 23:00:00,TRANSFER
0xa24a2a2beae9c829,Trader_24,Trader_16,984.27,2024-07-15 15:00:00,TRANSFER
0x75e6b04e92b7f03c,Trader_18,Trader_27,4609.01,2024-08-04 12:00:00,TRANSFER
0x68cbd2e28d1153bc,Trader_79,Trader_74,3773.6,2024-08-24 17:00:00,TRANSFER
0x73de7f1bf92b1a82,Trader_60,Trader_1,1831.1,2024-07-27 19:00:00,TRANSFER
0x51fb6e7f6c247993,Trader_72,Trader_12,180.95,2024-07-05 09:00:00,TRANSFER
0xe0dc6497ff2739e0,Trader_46,Trader_77,4290.71,2024-07-09 09:00:00,TRANSFER
0x195eb35b7efd7e98,Trader_67,Trader_40,221.18,2024-08-06 08:00:00,TRANSFER
0x1e9f50b5f66067a3,Trader_16,Trader_71,425.74,2024-07-07 22:00:00,TRANSFER
0xb886c8491b2d1b5a,Trader_29,Trader_44,2632.23,2024-07-12 14:00:00,TRANSFER
0x8a04154b6a49ac90,Trader_90,Trader_21,2712.49,2024-07-13 10:00:00,TRANSFER
0x67f92a94e3cc0bec,Trader_24,Trader_85,455.09,2024-08-18 17:00:00,TRANSFER
0x104294f5cac2eb17,Trader_11,Trader_92,2662.64,2024-07-09 13:00:00,TRANSFER
0xd1d0a5457be65bef,Trader_31,Trader_51,3994.71,2024-08-09 10:00:00,TRANSFER
0xe8a1f12cc50f74da,Trader_23,Trader_71,3498.76,2024-08-16 17:00:00,TRANSFER
0x273a12d74474f46c,Trader_51,Trader_46,1039.63,2024-07-02 13:00:00,TRANSFER
0x6ecbabaaaf79e0f2,Trader_55,Trader_9,2051.84,2024-08-06 09:00:00,TRANSFER
0x584fbabbc173ba51,Trader_81,Trader_24,494.68,2024-07-02 10:00:00,TRANSFER
0x0d7f0e8bba257def,Trader_41,Trader_16,3683.15,2024-08-03 09:00:00,TRANSFER
0x4ba2d990740ea44f,Trader_37,Trader_7,4573.63,2024-08-16 14:00:00,TRANSFER
0x5cf28f0a1886de1f,Trader_72,Trader_85,4380.84,2024-08-23 12:00:00,TRANSFER
0x8dcec424565fd66e,Trader_10,Trader_22,4224.33,2024-08-29 01:00:00,TRANSFER
0xac8a28f948801cb4,Trader_84,Trader_76,1468.37,2024-08-26 14:00:00,TRANSFER
0x253a44473bbc5ad6,Trader_5,Trader_82,3554.45,2024-07-09 09:00:00,TRANSFER
0x33b4c6f561236c04,Trader_56,Trader_29,2234.42,2024-07-06 09:00:00,TRANSFER
0x41c26e45bde79979,Trader_15,Trader_9,1042.44,2024-07-12 22:00:00,TRANSFER
0xa90ff1c9b92530b1,Trader_76,Trader_92,2528.33,2024-08-09 01:00:00,TRANSFER
0x7ac025c6fd095ebd,Trader_77,Trader_46,3523.61,2024-07-17 20:00:00,TRANSFER
0x7bc2a3b0d2071262,Trader_60,Trader_2,4576.87,2024-07-04 17:00:00,TRANSFER
0x5124f4a472245dbe,Trader_64,Trader_42,394.59,2024-07-06 05:00:00,TRANSFER
0x00225bac1df4fc1c,Trader_49,Trader_66,895.66,2024-08-18 08:00:00,TRANSFER
0x25926d17fd3d6715,Trader_81,Trader_30,31.02,2024-07-12 15:00:00,TRANSFER
0xe7ebd695ee867c1d,Trader_9,Trader_21,3234.42,2024-07-01 01:00:00,TRANSFER
0x12ebd03ac6c76153,Trader_18,Trader_5,4719.46,2024-07-13 09:00:00,TRANSFER
0xdd20cf190a29dd72,Trader_3,Trader_46,4073.87,2024-07-05 04:00:00,TRANSFER
0xe9b8d9dbd7547e33,Trader_31,Trader_3,3373.04,2024-08-03 04:00:00,TRANSFER
0x740c9b0e521a9c50,Trader_42,Trader_9,1868.19,2024-07-16 06:00:00,TRANSFER
0x42377b2289bd792c,Trader_11,Trader_8,3749.41,2024-08-19 03:00:00,TRANSFER
0x029b74afbe456cbe,Trader_94,Trader_42,930.2,2024-08-14 21:00:00,TRANSFER
0xc618c5e6905dfb8b,Trader_25,Trader_24,759.81,2024-08-18 08:00:00,TRANSFER
0x218d469430f695e9,Trader_19,Trader_95,3407.72,2024-08-25 17:00:00,TRANSFER
0x66935618ca3cd94a,Trader_65,Trader_64,4450.43,2024-07-06 16:00:00,TRANSFER
0xc2fae581a1a5cf29,Trader_87,Trader_12,2818.95,2024-08-18 05:00:00,TRANSFER
0x43078db0318931b5,Trader_36,Trader_96,1232.62,2024-08-07 19:00:00,TRANSFER
0x66a976824025a3bf,Trader_80,Trader_49,2438.18,2024-08-24 23:00:00,TRANSFER
0xb500b8a8f39cf334,Trader_90,Trader_74,4130.31,2024-07-06 18:00:00,TRANSFER
0xbb5d837d4630b040,Trader_67,Trader_94,3949.58,2024-08-24 05:00:00,TRANSFER
0x50de36f1ea869f98,Trader_57,Trader_73,785.45,2024-07-31 13:00:00,TRANSFER
0xb217e7f84635c38d,Trader_7,Trader_68,4701.79,2024-08-16 02:00:00,TRANSFER
0x125667f1ba2978a0,Trader_52,Trader_39,683.77,2024-08-23 23:00:00,TRANSFER
0xcafd9bf2d90b9f85,Trader_67,Trader_77,3527.47,2024-08-18 07:00:00,TRANSFER
0x7b3c87fe77e3d3c1,Trader_4,Trader_24,754.16,2024-07-06 22:00:00,TRANSFER
0xe51a0142e49c5813,Trader_2,Trader_57,4265.32,2024-07-31 19:00:00,TRANSFER
0x5a13350dfdab8317,Trader_74,Trader_53,2494.64,2024-07-12 08:00:00,TRANSFER
0xc9557c409c605370,Trader_83,Trader_88,4927.5,2024-08-25 11:00:00,TRANSFER
0x9cea4298255ce03f,Trader_38,Trader_28,1365.24,2024-08-25 16:00:00,TRANSFER
0x56c02d5166f912e3,Trader_40,Trader_70,1126.17,2024-08-24 15:00:00,TRANSFER
0x41c6ef4cbe71eee0,Trader_22,Trader_47,3951.03,2024-08-17 02:00:00,TRANSFER
0xac8b87fbe215f44f,Trader_64,Trader_79,2361.61,2024-08-27 10:00:00,TRANSFER
0x36a3cab469dc9b89,Trader_91,Trader_16,1386.57,2024-07-19 07:00:00,TRANSFER
0xe1730524f5a24d52,Trader_96,Trader_18,3595.77,2024-07-13 19:00:00,TRANSFER
0xb4d16e955dcf17e0,Trader_66,Trader_75,4096.86,2024-08-13 03:00:00,TRANSFER
0xfd23582080adc8c0,Trader_91,Trader_17,639.37,2024-08-25 13:00:00,TRANSFER
0xd8b511e63afc7c76,Trader_48,Trader_18,3648.08,2024-07-16 19:00:00,TRANSFER
0x423e0ea9604f36fd,Trader_35,Trader_39,4787.77,2024-08-19 08:00:00,TRANSFER
0xe4b7c4bad174113e,Trader_94,Trader_63,333.07,2024-07-07 18:00:00,TRANSFER
0xbaa8fcc6cbf12d85,Trader_96,Trader_65,3743.9,2024-08-04 23:00:00,TRANSFER
0xabe8389ee7303358,Trader_54,Trader_49,1280.7,2024-08-28 12:00:00,TRANSFER
0xda9031fd96036b0d,Trader_21,Trader_76,946.3,2024-07-05 17:00:00,TRANSFER
0x11ad2537d6ba0f99,Trader_79,Trader_41,2634.18,2024-08-07 02:00:00,TRANSFER
0xa428b7edd649bee9,Trader_79,Trader_23,337.09,2024-08-11 05:00:00,TRANSFER
0xc453878ce8c76b8b,Trader_45,Trader_90,1143.77,2024-07-28 09:00:00,TRANSFER
0x59662809ff8f693d,Trader_12,Trader_18,4279.19,2024-07-20 04:00:00,TRANSFER
0x98e6edec3f638b10,Trader_2,Trader_77,2948.81,2024-08-10 23:00:00,TRANSFER
0xc95fa613d91eb8aa,Trader_25,Trader_99,811.16,2024-07-29 00:00:00,TRANSFER
0x4ce77522da9343e3,Trader_28,Trader_4,1892.11,2024-08-23 03:00:00,TRANSFER
0x56a46c4137af8649,Trader_25,Trader_87,3056.73,2024-07-25 05:00:00,TRANSFER
0xd564929161b7fcf3,Trader_94,Trader_17,3940.01,2024-07-29 07:00:00,TRANSFER
0x7f5c9f742bfd5737,Trader_18,Trader_89,3767.03,2024-08-06 13:00:00,TRANSFER
0x5199e383b42b2edb,Trader_44,Trader_64,1870.3,2024-07-09 01:00:00,TRANSFER
0x3ea8c2e1f947a613,Trader_57,Trader_23,4457.62,2024-07-18 23:00:00,TRANSFER
0xdbfe5162ef5f1889,Trader_48,Trader_53,323.9,2024-07-19 21:00:00,TRANSFER
0xe329f3d10bf19e29,Trader_43,Trader_59,3678.3,2024-08-27 00:00:00,TRANSFER
0x4238b30b85c8c7b3,Trader_51,Trader_52,3243.81,2024-08-09 22:00:00,TRANSFER
0x9a15978cdd772732,Trader_24,Trader_84,4489.07,2024-08-19 00:00:00,TRANSFER
0xce4e6f4006a08e56,Trader_37,Trader_32,1966.08,2024-07-28 06:00:00,TRANSFER
0xbdabfa68ea3befc5,Trader_96,Trader_57,4237.08,2024-07-20 04:00:00,TRANSFER
0x70883f5b3b021b64,Trader_34,Trader_41,2437.72,2024-08-21 19:00:00,TRANSFER
0x81625140f48f2a81,Trader_26,Trader_20,4331.58,2024-07-06 14:00:00,TRANSFER
0x07bde8e1f86304b2,Trader_41,Trader_9,3524.27,2024-07-25 00:00:00,TRANSFER
0x184d2b3a6daa637e,Trader_21,Trader_74,2492.41,2024-08-17 11:00:00,TRANSFER
0x80dc6a521b253999,Trader_75,Trader_45,210.81,2024-08-18 20:00:00,TRANSFER
0x97a0ceeafb9e70ff,Trader_86,Trader_31,3748.48,2024-08-28 00:00:00,TRANSFER
0xee04576c2f3307ea,Trader_76,Trader_62,1663.78,2024-08-24 15:00:00,TRANSFER
0x7e666cc94f1607b4,Trader_26,Trader_89,1378.69,2024-07-26 02:00:00,TRANSFER
0xec85553386719bf9,Trader_14,Trader_43,4011.93,2024-07-07 18:00:00,TRANSFER
0x220ab51b697c8c11,Trader_34,Trader_82,1918.17,2024-08-26 07:00:00,TRANSFER
0x760cd45561bf0f2f,Trader_16,Trader_18,1076.65,2024-07-24 05:00:00,TRANSFER
0x9d557b63304e7026,Trader_41,Trader_12,4845.32,2024-07-23 20:00:00,TRANSFER
0x9cd20e81977ff04e,Trader_19,Trader_69,1877.43,2024-07-10 00:00:00,TRANSFER
0x99daf485a196d5e9,Trader_51,Trader_86,3665.79,2024-08-22 21:00:00,TRANSFER
0x009571d4512824d8,Trader_57,Trader_72,2701.73,2024-07-06 21:00:00,TRANSFER
0x9d2918dae6335e55,Trader_90,Trader_44,1843.01,2024-08-26 05:00:00,TRANSFER
0x1762ff7ce5264965,Trader_85,Trader_6,3498.16,2024-08-08 23:00:00,TRANSFER
0x1133e053fcda5855,Trader_77,Trader_88,3702.28,2024-08-29 00:00:00,TRANSFER
0x288e40b76db31429,Trader_66,Trader_69,1025.62,2024-07-20 12:00:00,TRANSFER
0x127d2f8a92a3c4c4,Trader_50,Trader_95,28.36,2024-08-05 22:00:00,TRANSFER
0x9c5ebaf3cf8706dc,Trader_42,Trader_40,3851.32,2024-08-22 10:00:00,TRANSFER
0xfba926e79b5dabaf,Trader_60,Trader_3,847.02,2024-08-13 22:00:00,TRANSFER
0xff552eecc46a9c9e,Trader_11,Trader_77,3556.13,2024-07-26 15:00:00,TRANSFER
0xf822e721e46c0b18,Trader_96,Trader_77,3456.69,2024-07-24 12:00:00,TRANSFER
0x542a75569723ee3c,Trader_95,Trader_75,4727.85,2024-08-28 04:00:00,TRANSFER
0xa81802f5e76e5560,Trader_48,Trader_70,3681.31,2024-07-27 13:00:00,TRANSFER
0xa5588199e0ba2824,Trader_13,Trader_26,2321.72,2024-08-16 17:00:00,TRANSFER
0x84dfe4e6c4be0a74,Trader_16,Trader_44,4569.41,2024-07-13 06:00:00,TRANSFER
0x30b61b0fa6330308,Trader_78,Trader_7,4041.98,2024-08-28 16:00:00,TRANSFER
0x151ca75dfb253283,Trader_63,Trader_76,2987.94,2024-07-20 03:00:00,TRANSFER
0x5b90a3191f0c935a,Trader_98,Trader_20,982.38,2024-07-11 19:00:00,TRANSFER
0xfdfd03f6744d729d,Trader_88,Trader_18,2336.28,2024-08-08 04:00:00,TRANSFER
0x19f4decb0f12c005,Trader_62,Trader_21,1138.15,2024-07-18 03:00:00,TRANSFER
0x1628595de3441c6b,Trader_35,Trader_70,344.06,2024-07-26 21:00:00,TRANSFER
0x92a12ceccbcfea4e,Trader_65,Trader_85,636.13,2024-07-17 09:00:00,TRANSFER
0xbbeb94ab281d80a2,Trader_35,Trader_75,3068.21,2024-08-29 06:00:00,TRANSFER
0x8527e3091a52cce8,Trader_11,Trader_84,2247.59,2024-07-16 15:00:00,TRANSFER
0x18fad133d8c6c239,Trader_73,Trader_82,4240.78,2024-08-14 08:00:00,TRANSFER
0x2552cb5551616c69,Trader_42,Trader_48,4134.68,2024-08-25 09:00:00,TRANSFER
0x8c32c5cfef93577a,Trader_61,Trader_25,3629.85,2024-08-07 14:00:00,TRANSFER
0xcffbd70dbb6a1a78,Trader_17,Trader_7,4157.23,2024-08-28 03:00:00,TRANSFER
0x2cac78e34717dcc5,Trader_38,Trader_53,1544.45,2024-07-26 05:00:00,TRANSFER
0x82a8232b9ca36877,Trader_14,Trader_98,4730.79,2024-07-11 05:00:00,TRANSFER
0x602184d002cc4d63,Trader_65,Trader_45,101.53,2024-07-06 00:00:00,TRANSFER
0xe0c999eea77a5ed5,Trader_75,Trader_25,1501.58,2024-07-04 21:00:00,TRANSFER
0xa45a9be4442c0e20,Trader_69,Trader_22,2845.39,2024-07-22 08:00:00,TRANSFER
0xff9cfa11c20384aa,Trader_98,Trader_97,367.87,2024-07-25 02:00:00,TRANSFER
0xa396c233c724062c,Trader_86,Trader_66,4632.15,2024-07-21 16:00:00,TRANSFER
0x9008165ac1a6b335,Trader_98,Trader_4,346.86,2024-07-30 03:00:00,TRANSFER
0x08aacaa40bfe99bd,Trader_40,Trader_65,3269.33,2024-08-30 09:00:00,TRANSFER
0x052ca12d3e13dc8b,Trader_1,Trader_68,1340.5,2024-07-23 10:00:00,TRANSFER
0xb00fc3121c2531f4,Trader_80,Trader_5,648.49,2024-08-07 22:00:00,TRANSFER
0x4ba3238a78994b00,Trader_43,Trader_65,1182.31,2024-07-17 22:00:00,TRANSFER
0x5d4c0e11633035c9,Trader_15,Trader_98,1956.61,2024-08-16 14:00:00,TRANSFER
0x7223cd2c5fa8c93e,Trader_27,Trader_65,652.38,2024-07-11 03:00:00,TRANSFER
0x21749de0c156cb35,Trader_86,Trader_12,4014.54,2024-07-21 18:00:00,TRANSFER
0x650a1ab0287cc165,Trader_6,Trader_80,4921.5,2024-08-13 09:00:00,TRANSFER
0x252e6153dd7d843f,Trader_75,Trader_69,3728.2,2024-08-15 01:00:00,TRANSFER
0xd09e52e8f2a392a0,Trader_99,Trader_32,3721.14,2024-07-04 12:00:00,TRANSFER
0x5fe3299c58f0ebc3,Trader_56,Trader_96,2030.28,2024-07-19 12:00:00,TRANSFER
0x93bb96a1c36c7835,Trader_15,Trader_21,4486.28,2024-07-04 09:00:00,TRANSFER
0x8070502352a154f0,Trader_9,Trader_22,1295.6,2024-08-20 04:00:00,TRANSFER
0x8b3c1cc90ec42a33,Trader_28,Trader_11,2147.49,2024-07-28 15:00:00,TRANSFER
0x8c593f29a445bc0b,Trader_37,Trader_48,3244.36,2024-08-29 17:00:00,TRANSFER
0x5d58af3afc21ccf5,Trader_13,Trader_92,1861.72,2024-08-08 10:00:00,TRANSFER
0x74123d2c6cec7945,Trader_26,Trader_64,1662.41,2024-08-25 00:00:00,TRANSFER
0x6dd2413915cdf643,Trader_49,Trader_80,2374.66,2024-08-17 03:00:00,TRANSFER
0xf3841bd011a5b5fc,Trader_29,Trader_41,848.39,2024-08-18 08:00:00,TRANSFER
0xd0922885af9d19a2,Trader_10,Trader_46,1642.7,2024-08-01 22:00:00,TRANSFER
0x6533ee35bbb506f8,Trader_42,Trader_58,1810.46,2024-07-11 00:00:00,TRANSFER
0x426cced7ad75d7af,Trader_85,Trader_64,1192.2,2024-07-19 19:00:00,TRANSFER
0x4e20ab343e5281f5,Trader_52,Trader_29,390.24,2024-08-21 07:00:00,TRANSFER
0x22a744efe43399ea,Trader_34,Trader_64,4494.59,2024-07-01 18:00:00,TRANSFER
0xcea3d61baed0acb6,Trader_37,Trader_10,1008.8,2024-07-06 16:00:00,TRANSFER
0xcc5629c9640de149,Trader_21,Trader_98,3260.31,2024-08-18 17:00:00,TRANSFER
0xfb319b2807583fdd,Trader_1,Trader_42,4369.18,2024-08-25 16:00:00,TRANSFER
0x51a20e50e2a66919,Trader_68,Trader_30,887.81,2024-08-14 11:00:00,TRANSFER
0xe92411932184da1b,Trader_26,Trader_15,2769.21,2024-07-14 21:00:00,TRANSFER
0x5b5b0b8c7f129bca,Trader_46,Trader_64,2331.08,2024-08-10 11:00:00,TRANSFER
0xfae32798315d2814,Trader_62,Trader_72,4767.98,2024-08-08 17:00:00,TRANSFER
0x7424783e01538bf7,Trader_42,Trader_38,1954.31,2024-07-30 09:00:00,TRANSFER
0x9d9401595087476e,Trader_96,Trader_97,1953.44,2024-07-09 12:00:00,TRANSFER
0xe20cb93debda5f18,Trader_31,Trader_73,966.17,2024-07-02 11:00:00,TRANSFER
0x5cd7e97736ed55f1,Trader_38,Trader_95,507.69,2024-08-10 02:00:00,TRANSFER
0x996e8672e6d8a318,Trader_52,Trader_72,4461.81,2024-08-21 10:00:00,TRANSFER
0xd6016b07413d4d8b,Trader_40,Trader_36,1771.67,2024-07-06 13:00:00,TRANSFER
0x2574955860445f63,Trader_82,Trader_42,3905.72,2024-07-07 08:00:00,TRANSFER
0x4c141ee63f8b47b4,Trader_62,Trader_56,1684.55,2024-07-08 02:00:00,TRANSFER
0x005a36aee39187f9,Trader_45,Trader_42,3180.22,2024-07-30 04:00:00,TRANSFER
0x71c89c2e92f473f3,Trader_21,Trader_18,359.13,2024-08-04 12:00:00,TRANSFER
0x3e9db6b9a8c1d987,Trader_86,Trader_18,3808.78,2024-08-04 17:00:00,TRANSFER
0xb5aaf19add2563ab,Trader_16,Trader_31,3631.65,2024-07-28 12:00:00,TRANSFER
0x741768d2a1ce5559,Trader_6,Trader_30,2659.64,2024-08-03 17:00:00,TRANSFER
0x04548ad8c9009585,Trader_21,Trader_11,4470.03,2024-08-25 11:00:00,TRANSFER
0x21bc78ea4e5ddd2f,Trader_82,Trader_39,1368.86,2024-08-27 20:00:00,TRANSFER
0x5d201fcee0727eaa,Trader_62,Trader_82,4954.08,2024-07-10 08:00:00,TRANSFER
0x2e2633514e53533c,Trader_1,Trader_88,4988.74,2024-08-02 17:00:00,TRANSFER
0xa9cde598c6a89033,Trader_20,Trader_57,2435.92,2024-08-28 10:00:00,TRANSFER
0x1d9a4431dd2b4f46,Trader_1,Trader_30,1491.19,2024-07-26 01:00:00,TRANSFER
0x0d3f40dab4c41c02,Trader_57,Trader_27,2258.49,2024-08-09 20:00:00,TRANSFER
0xc1381ad86a747c12,Trader_94,Trader_40,3586.08,2024-07-22 15:00:00,TRANSFER
0xfc6980395340dd95,Trader_80,Trader_11,1037.28,2024-08-20 08:00:00,TRANSFER
0x79b4e190a310e563,Trader_9,Trader_42,486.03,2024-08-21 17:00:00,TRANSFER
0x4446f0a5d43a2b31,Trader_55,Trader_85,2576.17,2024-08-19 20:00:00,TRANSFER
0x1a5bd794aa99b415,Trader_72,Trader_70,4823.22,2024-07-04 16:00:00,TRANSFER
0xf5fa98646a91679a,Trader_62,Trader_78,777.25,2024-08-17 06:00:00,TRANSFER
0x0d9752877649811d,Trader_28,Trader_89,2798.52,2024-08-22 16:00:00,TRANSFER
0x75d9d1d1a48d5f4d,Trader_2,Trader_28,1575.37,2024-07-19 11:00:00,TRANSFER
0xf5d2ad46a7c3d417,Trader_5,Trader_58,537.28,2024-08-14 00:00:00,TRANSFER
0x7421a96bf5080b66,Trader_29,Trader_64,4048.88,2024-07-07 11:00:00,TRANSFER
0x749823736eff2735,Trader_84,Trader_60,2742.73,2024-08-11 00:00:00,TRANSFER
0x25b5ac651491509c,Trader_9,Trader_82,4477.69,2024-07-01 22:00:00,TRANSFER
0xbb53b3a23846ce49,Trader_68,Trader_41,2933.41,2024-08-26 05:00:00,TRANSFER
0x87f3f38046248903,Trader_3,Trader_23,32.75,2024-07-09 10:00:00,TRANSFER
0xb07242e4a9cb5c17,Trader_21,Trader_19,1974.59,2024-07-10 12:00:00,TRANSFER
0x7c7e92665d7e5b97,Trader_67,Trader_32,4571.46,2024-08-12 16:00:00,TRANSFER
0xba7d5ff5c8386cd6,Trader_99,Trader_72,1506.43,2024-07-06 12:00:00,TRANSFER
0x4e550cec93b3240f,Trader_74,Trader_24,171.29,2024-08-04 14:00:00,TRANSFER
0x810ade1bc4b803de,Trader_89,Trader_43,4871.31,2024-07-07 16:00:00,TRANSFER
0x38f8a116d3f7d734,Trader_68,Trader_6,892.29,2024-07-06 15:00:00,TRANSFER
0x02f95a43d6c0e963,Trader_75,Trader_54,2022.02,2024-08-28 07:00:00,TRANSFER
0xc03fb33259818a40,Trader_12,Trader_80,3478.96,2024-07-21 11:00:00,TRANSFER
0x9282907c2d0f9b5f,Trader_36,Trader_69,1327.96,2024-08-04 17:00:00,TRANSFER
0xcb917d331685cdcb,Trader_79,Trader_52,3360.11,2024-07-03 20:00:00,TRANSFER
0x0a08e841c0e2f749,Trader_70,Trader_97,1321.93,2024-08-08 05:00:00,TRANSFER
0xf63015027d8feaab,Trader_26,Trader_27,3428.26,2024-07-22 22:00:00,TRANSFER
0x6a284be26e3eb0fe,Trader_16,Trader_87,603.07,2024-08-20 15:00:00,TRANSFER
0xf416e22cb6a80363,Trader_13,Trader_81,966.22,2024-07-01 12:00:00,TRANSFER
0x395ae200fe2d5ff2,Trader_36,Trader_64,4336.04,2024-08-30 13:00:00,TRANSFER
0xb86c39b1a40b55b5,Trader_49,Trader_76,3284.12,2024-07-07 00:00:00,TRANSFER
0x7af7629fcb51a61a,Trader_88,Trader_89,37.14,2024-08-19 21:00:00,TRANSFER
0xfc18f5cb03b611db,Trader_60,Trader_87,179.91,2024-08-01 00:00:00,TRANSFER
0xdfdff1bb452fdddf,Trader_10,Trader_19,3328.29,2024-07-05 02:00:00,TRANSFER
0xfeb1b7c8e774f5a1,Trader_38,Trader_92,4207.22,2024-08-24 14:00:00,TRANSFER
0xce0b086dce57d6e2,Trader_81,Trader_57,3023.37,2024-07-21 10:00:00,TRANSFER
0x85ac94951c286027,Trader_95,Trader_13,2463.56,2024-08-26 02:00:00,TRANSFER
0x3ab1e50aed059639,Trader_86,Trader_61,4288.94,2024-07-15 06:00:00,TRANSFER
0x4c37e418b8482010,Trader_66,Trader_19,1227.1,2024-08-14 09:00:00,TRANSFER
0x3634368a0e10b9c3,Trader_26,Trader_65,2629.13,2024-07-25 20:00:00,TRANSFER
0x82b6f336e715e053,Trader_8,Trader_64,1619.99,2024-07-30 13:00:00,TRANSFER
0x027227dc1e2a75cb,Trader_70,Trader_53,971.58,2024-08-14 10:00:00,TRANSFER
0xe950dddee6e8674b,Trader_4,Trader_8,3234.37,2024-07-09 14:00:00,TRANSFER
0x552aec6c641c4e71,Trader_79,Trader_54,299.44,2024-07-19 16:00:00,TRANSFER
0x9faf4a655a488c90,Trader_51,Trader_80,3371.93,2024-07-13 17:00:00,TRANSFER
0x581bdae55fd81aac,Trader_47,Trader_55,1135.38,2024-07-12 06:00:00,TRANSFER
0xcaf1ef4eba917a03,Trader_37,Trader_22,696.37,2024-08-29 13:00:00,TRANSFER
0xc1ab973a8bfbd200,Trader_72,Trader_18,4297.04,2024-08-23 01:00:00,TRANSFER
0xa7b86d60ece584c7,Trader_53,Trader_79,1513.21,2024-08-21 14:00:00,TRANSFER
0x4f687fc051fb48f6,Trader_14,Trader_32,2200.91,2024-08-27 23:00:00,TRANSFER
0x2e1e9040b10a5cc3,Trader_8,Trader_72,3773.54,2024-07-27 20:00:00,TRANSFER
0x344f4a4f2e13f5fe,Trader_76,Trader_42,927.27,2024-08-29 13:00:00,TRANSFER
0x75022d5cd3feb261,Trader_18,Trader_90,900.58,2024-07-01 00:00:00,TRANSFER
0xc5446aa63cbb4912,Trader_92,Trader_31,4218.12,2024-07-31 05:00:00,TRANSFER
0xd34804378637e9cd,Trader_6,Trader_74,3658.7,2024-07-05 18:00:00,TRANSFER
0x3780f07a753d09a6,Trader_56,Trader_53,4865.99,2024-08-12 01:00:00,TRANSFER
0xcc02baadd164bb07,Trader_57,Trader_39,1921.9,2024-08-11 17:00:00,TRANSFER
0x22812b4a2532719d,Trader_95,Trader_43,461.19,2024-07-14 16:00:00,TRANSFER
0xe0dfb14fd0a4d75f,Trader_88,Trader_22,1296.9,2024-08-07 09:00:00,TRANSFER
0x83bd8427a9d43f45,Trader_77,Trader_76,2829.06,2024-07-16 10:00:00,TRANSFER
0x58fb55c1325a7786,Trader_66,Trader_53,3850.55,2024-08-25 18:00:00,TRANSFER
0xf7d8c55fcf944636,Trader_66,Trader_2,1429.64,2024-08-17 00:00:00,TRANSFER
0xe5fdc8116e1d01b8,Trader_55,Trader_45,2628.09,2024-08-06 20:00:00,TRANSFER
0x7bf63eae186bcf7f,Trader_73,Trader_77,3087.56,2024-08-07 00:00:00,TRANSFER
0xf5e20a2982fd4e25,Trader_17,Trader_94,3555.12,2024-07-08 19:00:00,TRANSFER
0x982f9bb2b78785b4,Trader_7,Trader_61,210.43,2024-07-10 20:00:00,TRANSFER
0x8eb7e828ccbad33f,Trader_3,Trader_40,207.02,2024-08-28 21:00:00,TRANSFER
0xd3cb1a990c82e5b8,Trader_99,Trader_85,1771.81,2024-07-11 06:00:00,TRANSFER
0x0ed9b90230ba8f34,Trader_57,Trader_95,1846.52,2024-07-20 03:00:00,TRANSFER
0xbf85723df66c1862,Trader_63,Trader_83,1976.54,2024-07-31 16:00:00,TRANSFER
0xe16fab8c278b2cfe,Trader_96,Trader_26,2521.45,2024-08-29 14:00:00,TRANSFER
0xb69f982a34ea8ec8,Trader_5,Trader_20,824.41,2024-08-16 08:00:00,TRANSFER
0x85ad4927e03ec955,Trader_70,Trader_62,3058.39,2024-08-01 19:00:00,TRANSFER
0x00a4accde4e6e0c6,Trader_18,Trader_36,1396.1,2024-07-18 22:00:00,TRANSFER
0xa6252eca23f5bf92,Trader_71,Trader_20,1255.15,2024-08-30 04:00:00,TRANSFER
0xc0f877a1165617e1,Trader_15,Trader_42,4728.92,2024-08-06 06:00:00,TRANSFER
0x933f28651a8ec09b,Trader_50,Trader_27,444.46,2024-08-02 13:00:00,TRANSFER
0x87eaa74170547fe2,Trader_11,Trader_24,3536.85,2024-08-24 09:00:00,TRANSFER
0x1a81e7af9d8d79d4,Trader_79,Trader_5,2970.45,2024-08-17 18:00:00,TRANSFER
0xf5151619c97edb92,Trader_21,Trader_37,4434.36,2024-08-10 13:00:00,TRANSFER
0xd7c9862f5226e4a5,Trader_64,Trader_95,1340.94,2024-07-13 01:00:00,TRANSFER
0xf9fb130ebe7841c1,Trader_15,Trader_37,141.39,2024-08-08 13:00:00,TRANSFER
0x0bc6f4033482fa57,Trader_49,Trader_9,3308.79,2024-08-21 14:00:00,TRANSFER
0x69f252a915dbd890,Trader_58,Trader_49,4103.71,2024-07-06 20:00:00,TRANSFER
0xcb0f65068ceb7788,Trader_6,Trader_39,435.87,2024-07-25 06:00:00,TRANSFER
0xc853b5f7f7ad0a5d,Trader_64,Trader_79,4210.09,2024-07-26 09:00:00,TRANSFER
0x4e8f191e9124dd4f,Trader_91,Trader_74,593.16,2024-08-18 13:00:00,TRANSFER
0x39062eda76bae1ab,Trader_33,Trader_91,1706.27,2024-07-17 01:00:00,TRANSFER
0xefe125e07a4477f1,Trader_99,Trader_54,3954.38,2024-07-27 05:00:00,TRANSFER
0x04aec84f1d4e034a,Trader_37,Trader_82,1168.2,2024-08-27 15:00:00,TRANSFER
0x5ef4178da36f0854,Trader_7,Trader_76,3339.22,2024-07-06 08:00:00,TRANSFER
0x90f67e1dc37df48a,Trader_77,Trader_57,4181.99,2024-08-05 11:00:00,TRANSFER
0x616be6c180153ef4,Trader_50,Trader_58,4071.97,2024-07-22 23:00:00,TRANSFER
0xe8e1f1f495ffa110,Trader_55,Trader_94,4500.76,2024-07-07 10:00:00,TRANSFER
0x4bd84f3a8a53a565,Trader_83,Trader_4,1716.78,2024-07-06 21:00:00,TRANSFER
0xcbee05ee4d21c941,Trader_10,Trader_49,980.21,2024-07-14 21:00:00,TRANSFER
0x2b5ac54d7fa47299,Trader_87,Trader_62,1748.09,2024-07-18 08:00:00,TRANSFER
0xd370c19f2de90fea,Trader_58,Trader_21,689.31,2024-07-27 06:00:00,TRANSFER
0xb6f3bb939a240f62,Trader_89,Trader_53,3251.48,2024-08-17 18:00:00,TRANSFER
0xe7f79d189f53ecc9,Trader_83,Trader_74,4400.0,2024-08-11 03:00:00,TRANSFER
0x312945fbceb45eeb,Trader_17,Trader_55,4359.22,2024-07-30 07:00:00,TRANSFER
0x1c23a6dc9244842c,Trader_87,Trader_19,1687.47,2024-07-13 10:00:00,TRANSFER
0xadf31b2d7187010a,Trader_32,Trader_75,1645.16,2024-07-16 10:00:00,TRANSFER
0x17781313dcaab6b3,Trader_45,Trader_48,2255.19,2024-07-23 11:00:00,TRANSFER
0x58a755939a0ae72f,Trader_95,Trader_30,3133.44,2024-07-17 13:00:00,TRANSFER
0xb89bb5b1ead0e5f1,Trader_25,Trader_63,288.29,2024-07-11 08:00:00,TRANSFER
0xcf075f93d33a956a,Trader_26,Trader_85,513.02,2024-08-05 15:00:00,TRANSFER
0xe2122bedbe823a51,Trader_28,Trader_69,4656.53,2024-07-27 21:00:00,TRANSFER
0xaf6623cb8e3b9fe1,Trader_92,Trader_51,4440.05,2024-07-03 09:00:00,TRANSFER
0xa9f1c077233fdaf0,Trader_16,Trader_25,1162.28,2024-07-12 15:00:00,TRANSFER
0xbb8956882341dabd,Trader_19,Trader_58,1070.35,2024-07-09 12:00:00,TRANSFER
0xc2e0e97737f114fc,Trader_34,Trader_12,4286.89,2024-07-02 03:00:00,TRANSFER
0x0f47216b43b50744,Trader_70,Trader_94,1771.83,2024-07-01 19:00:00,TRANSFER
0xd84796a3015a02f9,Trader_38,Trader_13,4194.31,2024-07-27 20:00:00,TRANSFER
0x91dd53d1052e50f3,Trader_40,Trader_65,3258.65,2024-07-05 12:00:00,TRANSFER
0x720d27a2b92631e5,Trader_31,Trader_92,2802.52,2024-07-17 02:00:00,TRANSFER
0xcdbb24439ad8be77,Trader_11,Trader_98,4238.49,2024-07-15 00:00:00,TRANSFER
0x33f5989d8e2cb7fb,Trader_83,Trader_32,4100.49,2024-07-24 11:00:00,TRANSFER
0x7538f2c4ee339044,Trader_51,Trader_65,4115.35,2024-08-30 01:00:00,TRANSFER
0xc9caefdfb0ac8ae8,Trader_12,Trader_76,2837.99,2024-08-07 05:00:00,TRANSFER
0x4846615b7996bed1,Trader_44,Trader_71,1206.68,2024-08-14 13:00:00,TRANSFER
0x69e30027b40c4e74,Trader_59,Trader_23,1877.53,2024-08-13 23:00:00,TRANSFER
0x2ca37538ab94a9fa,Trader_33,Trader_28,2854.75,2024-08-22 23:00:00,TRANSFER
0x51c1f88755cfb9d0,Trader_74,Trader_55,4463.17,2024-07-15 16:00:00,TRANSFER
0x40b890a6f56214df,Trader_77,Trader_73,2440.07,2024-07-22 21:00:00,TRANSFER
0xa799f6a91812f75a,Trader_82,Trader_7,4513.66,2024-08-08 21:00:00,TRANSFER
0x5b7e10c0c02b781f,Trader_71,Trader_98,3155.56,2024-08-20 20:00:00,TRANSFER
0x8994e6b3ca4010bb,Trader_87,Trader_19,4962.69,2024-07-13 17:00:00,TRANSFER
0x58cb19d9d4731e8c,Trader_60,Trader_24,4826.69,2024-07-27 17:00:00,TRANSFER
0xf8cd5782d1fd387f,Trader_43,Trader_2,2500.5,2024-07-10 14:00:00,TRANSFER
0x0a1e68072dc87fc3,Trader_71,Trader_27,2598.24,2024-07-18 00:00:00,TRANSFER
0x5253b3729c9a422e,Trader_67,Trader_83,3617.7,2024-08-26 14:00:00,TRANSFER
0x0b2dee90813e81f8,Trader_40,Trader_72,4532.05,2024-08-16 20:00:00,TRANSFER
0xfdf3d00d69ddf82d,Trader_2,Trader_20,3872.24,2024-08-22 15:00:00,TRANSFER
0xb3846a07a5300107,Trader_99,Trader_16,4915.13,2024-07-23 21:00:00,TRANSFER
0xb8f8cde9fe1d5dfe,Trader_1,Trader_25,4087.44,2024-07-04 08:00:00,TRANSFER
0xbc60545dc41eb890,Trader_20,Trader_62,2427.25,2024-07-18 03:00:00,TRANSFER
0x2a042af74e502cae,Trader_8,Trader_87,2434.11,2024-08-05 00:00:00,TRANSFER
0xfb73a256ad6e8173,Trader_25,Trader_32,2458.93,2024-08-07 03:00:00,TRANSFER
0x504d922c4dda8aa4,Trader_75,Trader_42,3471.02,2024-07-13 19:00:00,TRANSFER
0x6f230a74b336f2c0,Trader_66,Trader_7,4706.26,2024-08-09 02:00:00,TRANSFER
0xaa1378cd3f73f692,Trader_74,Trader_37,3997.51,2024-08-14 13:00:00,TRANSFER
0x150634d28a7a154c,Trader_16,Trader_7,4905.95,2024-08-18 23:00:00,TRANSFER
0xb2ba68d70abe5ad6,Trader_13,Trader_79,1781.25,2024-07-31 12:00:00,TRANSFER
0xaa0c4ecc22e68b34,Trader_74,Trader_6,4537.16,2024-07-25 01:00:00,TRANSFER
0x39713c237b50d7f9,Trader_36,Trader_64,3086.48,2024-08-03 19:00:00,TRANSFER
0xeeec3a1dc043f434,Trader_27,Trader_19,3545.37,2024-07-17 00:00:00,TRANSFER
0x763f4cbda967a701,Trader_10,Trader_59,4407.91,2024-08-26 21:00:00,TRANSFER
0xe3166b9a211d9a26,Trader_9,Trader_94,1170.34,2024-08-09 01:00:00,TRANSFER
0xa89b35278cbd801f,Trader_76,Trader_29,3215.09,2024-07-03 16:00:00,TRANSFER
0xad6446f1a354a1ac,Trader_72,Trader_31,3434.07,2024-08-19 05:00:00,TRANSFER
0xd17eaf5b75b685db,Trader_58,Trader_88,3038.41,2024-08-30 09:00:00,TRANSFER
0x533f28a787536cc3,Trader_59,Trader_46,4356.48,2024-08-25 00:00:00,TRANSFER
0x7329728010fb1c6a,Trader_32,Trader_45,3494.97,2024-08-02 19:00:00,TRANSFER
0xfef8f73b7b0a9d84,Trader_61,Trader_85,38.99,2024-08-17 07:00:00,TRANSFER
0x75b88f85a3206997,Trader_30,Trader_76,4081.51,2024-07-15 08:00:00,TRANSFER
0x4d0859469c23af53,Trader_17,Trader_66,4151.48,2024-08-05 22:00:00,TRANSFER
0x1b79722943fc32d3,Trader_61,Trader_9,2386.29,2024-08-04 11:00:00,TRANSFER
0x579304bf561a3e66,Trader_94,Trader_47,3706.03,2024-07-01 16:00:00,TRANSFER
0xf331c792a8b7b698,Trader_48,Trader_9,586.2,2024-07-14 16:00:00,TRANSFER
0x3e80430a5213f10f,Trader_56,Trader_39,3501.51,2024-07-20 07:00:00,TRANSFER
0xfc2c3cb6478b6e34,Trader_97,Trader_20,1755.25,2024-08-09 11:00:00,TRANSFER
0xca8c0849521066e4,Trader_54,Trader_34,2820.77,2024-07-30 08:00:00,TRANSFER
0x495cb88e1d627293,Trader_15,Trader_76,4908.28,2024-08-05 01:00:00,TRANSFER
0x9ad89d01f59273f4,Trader_37,Trader_19,3364.69,2024-07-18 07:00:00,TRANSFER
0x3c07b238b5184445,Trader_7,Trader_73,2196.07,2024-07-28 06:00:00,TRANSFER
0xe2bed844f2337f33,Trader_9,Trader_28,1830.74,2024-08-11 00:00:00,TRANSFER
0x6f03b076cbab0b36,Trader_77,Trader_80,3893.96,2024-07-05 01:00:00,TRANSFER
0x46f7f3f4875d80fb,Trader_94,Trader_5,4798.09,2024-08-12 13:00:00,TRANSFER
0xd72bbbd9fa167ebe,Trader_51,Trader_6,364.57,2024-08-12 13:00:00,TRANSFER
0x3e12ed7663315d43,Trader_96,Trader_20,2065.52,2024-08-24 23:00:00,TRANSFER
0x6d947ee3bb2e96fe,Trader_30,Trader_61,2547.87,2024-08-01 03:00:00,TRANSFER
0x9ceed45877edcb62,Trader_65,Trader_3,3316.11,2024-07-22 16:00:00,TRANSFER
0xa1504995b8154d63,Trader_3,Trader_98,4610.24,2024-08-01 19:00:00,TRANSFER
0x5aa3764f2a6cfaaf,Trader_33,Trader_85,2125.06,2024-08-28 17:00:00,TRANSFER
0xd597a45cd631410c,Trader_98,Trader_48,2562.32,2024-07-22 05:00:00,TRANSFER
0xc7c97e36a2fb6d7b,Trader_48,Trader_61,3426.83,2024-07-15 23:00:00,TRANSFER
0xf61432af99d147be,Trader_51,Trader_91,4148.74,2024-08-29 22:00:00,TRANSFER
0x054d377c4ca98462,Trader_16,Trader_88,2450.48,2024-07-18 16:00:00,TRANSFER
0xc4b939ae66d58e5a,Trader_71,Trader_15,3719.53,2024-07-30 23:00:00,TRANSFER
0x4e634bb508d9c6ae,Trader_98,Trader_25,4783.2,2024-07-12 19:00:00,TRANSFER
0x31697ea9fb792759,Trader_76,Trader_71,2475.03,2024-08-26 00:00:00,TRANSFER
0x7031ff76420172cd,Trader_37,Trader_76,4281.25,2024-07-16 07:00:00,TRANSFER
0xcbfd59dff69682fc,Trader_28,Trader_64,2392.97,2024-07-28 14:00:00,TRANSFER
0xf8dad5ecdfccca0f,Trader_81,Trader_46,4787.37,2024-08-17 02:00:00,TRANSFER
0x52dfca744b840aec,Trader_11,Trader_84,3354.06,2024-07-05 05:00:00,TRANSFER
0xc7821ca400ba1f17,Trader_58,Trader_94,866.14,2024-07-19 05:00:00,TRANSFER
0x5b4244e9193250b6,Trader_92,Trader_11,652.83,2024-08-27 11:00:00,TRANSFER
0xec115740cfa2761b,Trader_64,Trader_39,2774.45,2024-07-30 08:00:00,TRANSFER
0x98910786d59266a3,Trader_88,Trader_32,2392.3,2024-08-02 13:00:00,TRANSFER
0x4da85602da7387fa,Trader_18,Trader_38,1496.44,2024-08-01 10:00:00,TRANSFER
0x4bb6f51cbeccefab,Trader_8,Trader_98,1316.46,2024-07-10 01:00:00,TRANSFER
0x5e41f0a42fda6c7b,Trader_97,Trader_38,3683.85,2024-07-17 02:00:00,TRANSFER
0x6cc244e2cc2576e2,Trader_54,Trader_75,2953.43,2024-07-22 09:00:00,TRANSFER
0xe910251e54445ade,Trader_67,Trader_54,4953.65,2024-07-28 19:00:00,TRANSFER
0x7b646124e4858e8b,Trader_76,Trader_10,3755.56,2024-08-05 12:00:00,TRANSFER
0x6bd636de7dbdb8f5,Trader_17,Trader_77,1871.18,2024-08-03 13:00:00,TRANSFER
0x3a2ffaccf0cf9065,Trader_22,Trader_76,4710.75,2024-08-08 12:00:00,TRANSFER
0xe83aac43bada74db,Trader_6,Trader_98,2354.83,2024-08-09 19:00:00,TRANSFER
0x6545bca7ee8c3b47,Trader_51,Trader_80,722.62,2024-08-26 04:00:00,TRANSFER
0xca617fbe64a2d68e,Trader_88,Trader_84,3094.23,2024-07-25 05:00:00,TRANSFER
0xcd29906d8ff9a7f7,Trader_47,Trader_79,1246.6,2024-07-04 01:00:00,TRANSFER
0xa969e3a34c2b6e70,Trader_76,Trader_87,4157.43,2024-08-26 15:00:00,TRANSFER
0x2064f7ed88bec393,Trader_43,Trader_40,2696.5,2024-07-27 20:00:00,TRANSFER
0x2f2a19f6ca649bf7,Trader_79,Trader_91,4626.51,2024-08-25 13:00:00,TRANSFER
0x7f27a0cb75c34996,Trader_31,Trader_70,3064.59,2024-08-23 02:00:00,TRANSFER
0xfdc8e4d851248e3c,Trader_44,Trader_70,4244.57,2024-07-13 11:00:00,TRANSFER
0x0ef0b9f0f171c628,Trader_40,Trader_28,841.44,2024-08-09 21:00:00,TRANSFER
0x005fa69deb3f55da,Trader_62,Trader_4,2457.18,2024-07-22 23:00:00,TRANSFER
0xe1a24165751a609e,Trader_54,Trader_63,2243.3,2024-07-10 07:00:00,TRANSFER
0xff208baabfe59fc3,Trader_45,Trader_85,4685.55,2024-08-04 01:00:00,TRANSFER
0xdad57b55ab2c6caf,Trader_54,Trader_48,3560.11,2024-08-17 05:00:00,TRANSFER
0xa436534e3659e1fe,Trader_52,Trader_17,3567.38,2024-07-07 15:00:00,TRANSFER
0xb1b5072063c70c06,Trader_56,Trader_99,2978.51,2024-08-14 21:00:00,TRANSFER
0x9ca32de1db1b4651,Trader_42,Trader_61,3148.31,2024-07-23 03:00:00,TRANSFER
0x19a54c0fa729b5d1,Trader_59,Trader_1,2568.38,2024-07-06 01:00:00,TRANSFER
0xc751590161970fd5,Trader_21,Trader_43,589.22,2024-07-11 10:00:00,TRANSFER
0x3b566fc4435691ec,Trader_1,Trader_58,4100.42,2024-08-19 16:00:00,TRANSFER
0x0b7edc90b2575826,Trader_91,Trader_71,4690.14,2024-07-11 00:00:00,TRANSFER
0x7599bfe7172dbea0,Trader_15,Trader_9,786.88,2024-08-08 14:00:00,TRANSFER
0xdd9c8d97a8593636,Trader_75,Trader_61,3993.71,2024-07-17 00:00:00,TRANSFER
0x661212278f16248b,Trader_82,Trader_32,932.51,2024-07-16 13:00:00,TRANSFER
0x3ceea0abc35fbe41,Trader_39,Trader_11,4710.59,2024-08-29 17:00:00,TRANSFER
0xf887e4941f57702e,Trader_47,Trader_12,4382.35,2024-08-23 21:00:00,TRANSFER
0x158fc6ffa4d2ab3b,Trader_97,Trader_87,2763.16,2024-07-03 20:00:00,TRANSFER
0x7b11fbd2683963b8,Trader_30,Trader_73,302.35,2024-07-07 03:00:00,TRANSFER
0xf8181b03c35322b3,Trader_81,Trader_64,2106.61,2024-08-24 08:00:00,TRANSFER
0xf6afb279ecc7038c,Trader_98,Trader_64,4784.31,2024-07-17 18:00:00,TRANSFER
0x361ec91aa20298b9,Trader_55,Trader_36,3672.65,2024-07-21 13:00:00,TRANSFER
0x74af1a76f5db945e,Trader_30,Trader_50,2714.89,2024-08-16 07:00:00,TRANSFER
0xe7c1dd5b9c9fa98e,Trader_84,Trader_71,782.94,2024-08-13 16:00:00,TRANSFER
0x60269f8808792002,Trader_71,Trader_51,4303.52,2024-07-02 15:00:00,TRANSFER
0x1143eb2920aaa22a,Trader_95,Trader_92,1863.72,2024-08-23 08:00:00,TRANSFER
0x99f3fc36ee2a7b3d,Trader_6,Trader_88,269.51,2024-08-30 00:00:00,TRANSFER
0xa3f5409f0d21c019,Trader_78,Trader_69,3008.92,2024-07-19 09:00:00,TRANSFER
0xd95d4e099e516a37,Trader_97,Trader_24,3248.64,2024-07-30 14:00:00,TRANSFER
0xae5f4287cf61bb2c,Trader_29,Trader_12,2942.35,2024-07-25 04:00:00,TRANSFER
0x3720c171666421a1,Trader_32,Trader_67,552.85,2024-07-13 06:00:00,TRANSFER
0x5fffcea1c30b444a,Trader_21,Trader_20,395.38,2024-07-18 06:00:00,TRANSFER
0xbfd53a82a2e6ab5d,Trader_84,Trader_8,4654.97,2024-08-17 14:00:00,TRANSFER
0x1699c1a3608b3b50,Trader_89,Trader_50,1225.77,2024-08-07 02:00:00,TRANSFER
0xc802e6c564cbb5b8,Trader_31,Trader_58,2623.85,2024-08-05 21:00:00,TRANSFER
0x56541ca336c20cec,Trader_29,Trader_28,2361.0,2024-07-04 09:00:00,TRANSFER
0x7b63eecb7e00deb1,Trader_8,Trader_66,3719.85,2024-08-14 20:00:00,TRANSFER
0xf8176d7556bfbed7,Trader_96,Trader_29,4522.75,2024-07-02 08:00:00,TRANSFER
0xdd7346329650c78e,Trader_42,Trader_63,3430.24,2024-08-06 17:00:00,TRANSFER
0x24d9d36f331b2b21,Trader_38,Trader_39,1101.78,2024-07-01 05:00:00,TRANSFER
0x5472b3994f4cf01f,Trader_35,Trader_12,4217.82,2024-08-14 21:00:00,TRANSFER
0x28c9c7ef7cfd1cc3,Trader_70,Trader_57,2713.25,2024-08-19 02:00:00,TRANSFER
0x801531b13f32cb81,Trader_96,Trader_92,2724.31,2024-08-21 10:00:00,TRANSFER
0xc0522c6ba9f0c777,Trader_99,Trader_44,4263.12,2024-07-10 03:00:00,TRANSFER
0x09c5e0ca0e3ce158,Trader_1,Trader_98,4241.74,2024-08-26 10:00:00,TRANSFER
0x3052c69fd00e8215,Trader_62,Trader_32,727.31,2024-08-26 15:00:00,TRANSFER
0x63dbcced4bab0aa2,Trader_9,Trader_40,3007.22,2024-08-05 07:00:00,TRANSFER
0x3dc2a010a7e4eaef,Trader_19,Trader_66,2684.88,2024-08-03 05:00:00,TRANSFER
0x1721042e08d5a059,Trader_23,Trader_89,1617.97,2024-08-12 14:00:00,TRANSFER
0x5e44daa408b30620,Trader_46,Trader_8,3432.65,2024-07-25 18:00:00,TRANSFER
0x2f0158023370a43c,Trader_33,Trader_5,4950.54,2024-07-01 12:00:00,TRANSFER
0x49f28aa5ac1bd9f4,Trader_44,Trader_35,588.9,2024-08-22 04:00:00,TRANSFER
0x8625b898b8c6f0b0,Trader_88,Trader_41,2039.89,2024-08-10 01:00:00,TRANSFER
0x6791bfbacc9a4ee7,Trader_27,Trader_56,1183.88,2024-08-01 23:00:00,TRANSFER
0x430c99fa7e2d4980,Trader_34,Trader_96,962.94,2024-07-07 05:00:00,TRANSFER
0x75426ef1f55e182b,Trader_67,Trader_78,4230.91,2024-07-15 00:00:00,TRANSFER
0x3d4e5911935dde83,Trader_53,Trader_30,1871.5,2024-08-24 17:00:00,TRANSFER
0x3fadb1dc01343458,Trader_5,Trader_34,2659.51,2024-08-25 11:00:00,TRANSFER
0xe08b9369f54ee35f,Trader_68,Trader_80,2725.53,2024-07-15 19:00:00,TRANSFER
0x03a07560ba774379,Trader_56,Trader_23,2471.29,2024-07-14 03:00:00,TRANSFER
0x156fa3425bbbd68d,Trader_1,Trader_85,3168.24,2024-07-11 18:00:00,TRANSFER
0xd9b5120d4e3e2e68,Trader_38,Trader_61,2116.24,2024-08-13 21:00:00,TRANSFER
0xeafdabfe47d74269,Trader_88,Trader_69,594.93,2024-08-22 23:00:00,TRANSFER
0xd0a5d1f30de7f517,Trader_40,Trader_70,3069.26,2024-08-15 05:00:00,TRANSFER
0x751faa3521cf2f1e,Trader_67,Trader_8,4475.05,2024-07-09 00:00:00,TRANSFER
0x9e28a96c7b8350f2,Trader_58,Trader_49,1457.5,2024-08-07 14:00:00,TRANSFER
0xedb54a8671ca54ad,Trader_68,Trader_76,1926.71,2024-08-07 02:00:00,TRANSFER
0xd17c06bdb97a60c6,Trader_92,Trader_70,2386.61,2024-07-17 04:00:00,TRANSFER
0x8672391613c994e0,Trader_98,Trader_83,733.4,2024-07-26 05:00:00,TRANSFER
0x1f3fbfd06f289d00,Trader_41,Trader_4,2664.66,2024-08-16 12:00:00,TRANSFER
0x2655372fe66c72f0,Trader_12,Trader_19,2947.27,2024-08-19 13:00:00,TRANSFER
0x3f805b8dd73c3db9,Trader_60,Trader_84,4589.09,2024-07-18 00:00:00,TRANSFER
0xb41e675feeb5e2aa,Trader_77,Trader_74,4255.97,2024-07-07 02:00:00,TRANSFER
0x4a06343d2339cd57,Trader_72,Trader_66,1255.0,2024-08-08 20:00:00,TRANSFER
0xe8c51c4191e1b90a,Trader_8,Trader_92,3014.58,2024-07-29 17:00:00,TRANSFER
0x5d9f800039dae96b,Trader_59,Trader_88,1502.78,2024-08-04 00:00:00,TRANSFER
0xa3009f4e99bb6037,Trader_29,Trader_94,1564.93,2024-08-02 02:00:00,TRANSFER
0xaa8a0ff0ad5b6157,Trader_78,Trader_68,1114.04,2024-07-18 02:00:00,TRANSFER
0x3cfb940eeca030b6,Trader_81,Trader_35,3350.23,2024-08-22 13:00:00,TRANSFER
0xd11266fc6be4bd18,Trader_76,Trader_47,2488.62,2024-08-29 23:00:00,TRANSFER
0xe6c0952dd48fd346,Trader_26,Trader_54,4804.54,2024-07-14 12:00:00,TRANSFER
0xde4952340d021331,Trader_90,Trader_91,782.58,2024-08-02 00:00:00,TRANSFER
0xe88790f72947488b,Trader_82,Trader_81,663.39,2024-07-05 18:00:00,TRANSFER
0xb524d7ec0175df12,Trader_48,Trader_30,4753.37,2024-08-04 16:00:00,TRANSFER
0x4b3a549ab0fb1f8c,Trader_50,Trader_15,2560.9,2024-07-04 02:00:00,TRANSFER
0xf0cf8db41dae33ce,Trader_8,Trader_47,3256.71,2024-08-24 16:00:00,TRANSFER
0xf20a3f0e5055ab8c,Trader_70,Trader_5,1888.26,2024-08-21 02:00:00,TRANSFER
0x084279f53d2b3345,Trader_47,Trader_75,1352.56,2024-08-15 07:00:00,TRANSFER
0x4119754aeaecccbe,Trader_7,Trader_2,4426.07,2024-07-07 11:00:00,TRANSFER
0x7808b78bb7b06cd3,Trader_2,Trader_76,1417.45,2024-07-08 02:00:00,TRANSFER
0xa336f7994e4c0f37,Trader_93,Trader_51,3946.21,2024-07-01 05:00:00,TRANSFER
0xb1aba8958d7b7755,Trader_45,Trader_38,4972.91,2024-08-24 04:00:00,TRANSFER
0xac45bb139af18f31,Trader_90,Trader_63,2109.21,2024-07-21 01:00:00,TRANSFER
0xd5187d43b33bb241,Trader_13,Trader_72,3413.54,2024-08-04 08:00:00,TRANSFER
0x9af2af84960310ab,Trader_10,Trader_14,1008.98,2024-08-10 02:00:00,TRANSFER
0x08f1c980b5976c2f,Trader_32,Trader_55,4287.55,2024-07-25 22:00:00,TRANSFER
0xe7309a146ce09a7a,Trader_84,Trader_56,4191.63,2024-08-09 10:00:00,TRANSFER
0x29aa50705fff3690,Trader_22,Trader_61,3529.22,2024-08-24 04:00:00,TRANSFER
0xa04001f686eaf5ff,Trader_23,Trader_28,2223.08,2024-08-29 21:00:00,TRANSFER
0x122a3b62b40a96af,Trader_83,Trader_39,4093.02,2024-07-07 19:00:00,TRANSFER
0xe5af4dd425de3dc2,Trader_48,Trader_62,1126.01,2024-07-22 21:00:00,TRANSFER
0xd1331363d1444032,Trader_91,Trader_10,1793.13,2024-07-12 12:00:00,TRANSFER
0xd3525b94b420f345,Trader_98,Trader_89,744.05,2024-08-17 23:00:00,TRANSFER
0xabe886a2f023e112,Trader_42,Trader_12,1353.7,2024-07-06 07:00:00,TRANSFER
0xac4474f1c718424d,Trader_78,Trader_80,1060.32,2024-08-12 15:00:00,TRANSFER
0xf1498498f359e852,Trader_19,Trader_67,2477.69,2024-08-26 07:00:00,TRANSFER
0xd1a83618b1352a1a,Trader_63,Trader_2,800.73,2024-07-13 15:00:00,TRANSFER
0xaed09cd663c4b733,Trader_71,Trader_88,2858.43,2024-07-05 23:00:00,TRANSFER
0x04dbcfed3bbe7164,Trader_14,Trader_72,393.14,2024-08-13 01:00:00,TRANSFER
0xa36cfc21edac2b98,Trader_56,Trader_13,33.76,2024-07-01 12:00:00,TRANSFER
0xf12a69ccba7701bb,Trader_11,Trader_82,655.3,2024-07-04 12:00:00,TRANSFER
0x82455c2d14ba4354,Trader_14,Trader_97,400.22,2024-07-28 04:00:00,TRANSFER
0xa954c75659590c0f,Trader_33,Trader_84,1021.01,2024-07-18 21:00:00,TRANSFER
0x22952e1a28c0e688,Trader_81,Trader_71,171.87,2024-08-21 08:00:00,TRANSFER
0xffb935a877c1f919,Trader_44,Trader_9,236.53,2024-08-15 14:00:00,TRANSFER
0x50a6f0aa600e4a09,Trader_49,Trader_75,2738.36,2024-08-21 10:00:00,TRANSFER
0xf1d8e765ce17cf69,Trader_70,Trader_53,3589.86,2024-07-26 07:00:00,TRANSFER
0x8aba02c6f43318cf,Trader_67,Trader_53,1597.98,2024-08-10 09:00:00,TRANSFER
0x1384b1167509d059,Trader_71,Trader_65,917.66,2024-07-17 11:00:00,TRANSFER
0x0a6f1ab52e21608d,Trader_60,Trader_25,214.98,2024-07-24 16:00:00,TRANSFER
0x399b5d7f8af37b0a,Trader_20,Trader_11,1511.0,2024-08-07 03:00:00,TRANSFER
0xa3c5a75e9ca19353,Trader_96,Trader_75,4994.49,2024-07-24 14:00:00,TRANSFER
0x26de9dc6865bb60a,Trader_47,Trader_86,2481.28,2024-08-25 02:00:00,TRANSFER
0x54104a335f1d09ff,Trader_86,Trader_55,571.52,2024-07-17 04:00:00,TRANSFER
0x1bb90f542cb5ec28,Trader_96,Trader_77,1880.81,2024-07-16 19:00:00,TRANSFER
0x14e35364452b1943,Trader_73,Trader_39,1370.17,2024-07-26 15:00:00,TRANSFER
0x59217fcd4b037b7c,Trader_84,Trader_54,3700.21,2024-07-02 03:00:00,TRANSFER
0x13e40ae57cef1cac,Trader_57,Trader_50,4544.45,2024-08-24 02:00:00,TRANSFER
0x1f9e5c1dc43bd5be,Trader_96,Trader_95,4640.35,2024-08-20 17:00:00,TRANSFER
0x5d0ae44a7714c021,Trader_20,Trader_6,4483.91,2024-08-21 04:00:00,TRANSFER
0xdf64687121338cb3,Trader_22,Trader_89,4257.58,2024-07-21 10:00:00,TRANSFER
0x9962790cb010dd3a,Trader_11,Trader_93,3394.85,2024-08-19 10:00:00,TRANSFER
0x4e3a9fc1e710aa50,Trader_18,Trader_7,3543.48,2024-07-08 07:00:00,TRANSFER
0x024ee5761a5c7c37,Trader_28,Trader_86,2469.07,2024-08-09 23:00:00,TRANSFER
0xb20f17263530d017,Trader_87,Trader_14,3192.1,2024-07-05 08:00:00,TRANSFER
0x4fb7cd2808d92c3f,Trader_33,Trader_20,4971.96,2024-07-04 18:00:00,TRANSFER
0x34c1a7891f69931f,Trader_60,Trader_71,2203.2,2024-07-06 07:00:00,TRANSFER
0x7340807d84c25ba6,Trader_54,Trader_46,1933.48,2024-07-20 17:00:00,TRANSFER
0x9387d3260611579c,Trader_77,Trader_9,1526.28,2024-08-16 02:00:00,TRANSFER
0x1fa316075d7a7b8c,Trader_82,Trader_49,1789.19,2024-08-07 10:00:00,TRANSFER
0xe5d73721ee7e9067,Trader_37,Trader_33,643.06,2024-08-04 11:00:00,TRANSFER
0xae9a88d2ffd8ad9e,Trader_91,Trader_52,3050.3,2024-07-31 14:00:00,TRANSFER
0x4ff5b27aecc71711,Trader_34,Trader_19,1894.76,2024-08-18 01:00:00,TRANSFER
0xa6c48a889e98f7c8,Trader_34,Trader_28,2220.68,2024-08-24 21:00:00,TRANSFER
0xf612d59f375b0268,Trader_39,Trader_5,598.59,2024-07-14 20:00:00,TRANSFER
0x6571b53f91691725,Trader_78,Trader_73,1771.62,2024-08-18 05:00:00,TRANSFER
0x0085a8bbdd761fe4,Trader_18,Trader_37,360.23,2024-08-02 10:00:00,TRANSFER
0x3c1e2480467f8b31,Trader_97,Trader_92,3743.32,2024-07-25 20:00:00,TRANSFER
0x6541ee9fb7d9472a,Trader_1,Trader_32,4328.84,2024-08-24 02:00:00,TRANSFER
0x6a6daf5b334548d3,Trader_2,Trader_78,3499.05,2024-08-02 17:00:00,TRANSFER
0xe034aa232edc945f,Trader_90,Trader_8,2855.41,2024-08-04 18:00:00,TRANSFER
0x80bfb117f75f6bcb,Trader_42,Trader_46,4142.03,2024-08-29 00:00:00,TRANSFER
0xb700ee09d084a51b,Trader_98,Trader_90,2881.34,2024-07-13 01:00:00,TRANSFER
0x85ba7279e1350541,Trader_24,Trader_40,212.71,2024-08-06 22:00:00,TRANSFER
0xd5e3b43e5ec7c235,Trader_54,Trader_17,3054.29,2024-08-28 19:00:00,TRANSFER
0x3beae3e120844fc3,Trader_25,Trader_84,4797.39,2024-07-30 00:00:00,TRANSFER
0x81592f5803b4ac43,Trader_90,Trader_9,3630.86,2024-07-15 07:00:00,TRANSFER
0x2ebcc5222bcf0c64,Trader_89,Trader_61,3999.87,2024-08-04 02:00:00,TRANSFER
0x2c8df97b5c58daf5,Trader_23,Trader_3,1946.68,2024-07-23 07:00:00,TRANSFER
0x3404e944e480cb19,Trader_98,Trader_42,4529.13,2024-08-26 08:00:00,TRANSFER
0x83deaeac72fc7ace,Trader_40,Trader_47,4109.85,2024-07-07 02:00:00,TRANSFER
0x0dd7fa4f62afd8e7,Trader_73,Trader_92,1730.93,2024-08-28 19:00:00,TRANSFER
0x998fc2a06a1eff87,Trader_25,Trader_24,2795.81,2024-07-31 08:00:00,TRANSFER
0xd17b26ed3a35d1e6,Trader_23,Trader_19,1313.29,2024-08-30 00:00:00,TRANSFER
0xcefffabc9a491be8,Trader_36,Trader_45,2377.34,2024-07-28 03:00:00,TRANSFER
0x092a8ad73d06008a,Trader_18,Trader_66,180.88,2024-07-15 07:00:00,TRANSFER
0x2964676d35aaa20c,Trader_92,Trader_28,230.44,2024-07-17 19:00:00,TRANSFER
0xef7393893bb9dca3,Trader_11,Trader_17,2587.41,2024-08-26 08:00:00,TRANSFER
0x08e7ae3fe1226ec6,Trader_50,Trader_26,4844.66,2024-08-23 05:00:00,TRANSFER
0x05e4a513e1c306d7,Trader_66,Trader_21,1906.45,2024-08-12 15:00:00,TRANSFER
0xe448456e94eb6a9b,Trader_60,Trader_30,1101.42,2024-07-15 02:00:00,TRANSFER
0xb0f8874063493c1d,Trader_37,Trader_63,2793.8,2024-07-24 04:00:00,TRANSFER
0xbf3d22704e76428a,Trader_67,Trader_82,3459.02,2024-07-29 06:00:00,TRANSFER
0xd9e021ee819ad702,Trader_60,Trader_5,4424.32,2024-08-23 15:00:00,TRANSFER
0x4eb9c9ae00d020f1,Trader_44,Trader_97,1211.46,2024-07-18 11:00:00,TRANSFER
0xea1086d48e9ea263,Trader_15,Trader_86,4959.63,2024-07-31 22:00:00,TRANSFER
0x7349e3bde81dea47,Trader_56,Trader_29,4135.46,2024-08-09 12:00:00,TRANSFER
0xb1304981492cf36d,Trader_83,Trader_12,2803.68,2024-07-09 23:00:00,TRANSFER
0xac92558e302b4f9c,Trader_22,Trader_81,1179.27,2024-07-15 10:00:00,TRANSFER
0xaca100ef9e4d3c67,Trader_11,Trader_89,3787.86,2024-08-18 05:00:00,TRANSFER
0x692a77a58e6d0c7e,Trader_31,Trader_94,4643.06,2024-07-27 12:00:00,TRANSFER
0xe71f2f27081d2f22,Trader_40,Trader_95,1877.35,2024-07-29 16:00:00,TRANSFER
0xf642b8f2bce22b7c,Trader_65,Trader_99,3242.0,2024-08-24 01:00:00,TRANSFER
0xa7053e9a5d964f88,Trader_1,Trader_93,186.53,2024-08-04 05:00:00,TRANSFER
0x6fe58a47c2585bfa,Trader_68,Trader_95,1738.74,2024-07-07 13:00:00,TRANSFER
0xabd527f10f54e2a2,Trader_93,Trader_82,3770.69,2024-07-21 20:00:00,TRANSFER
0x5b391e1c02ebc063,Trader_81,Trader_51,237.74,2024-07-09 13:00:00,TRANSFER
0x2805a0b31c767060,Trader_53,Trader_20,4523.09,2024-08-10 06:00:00,TRANSFER
0xac9d0350b2ff5b24,Trader_20,Trader_95,1191.5,2024-07-19 04:00:00,TRANSFER
0xfef9ac0abc7bf893,Trader_99,Trader_91,3423.86,2024-07-28 16:00:00,TRANSFER
0x13b833c61fc2037b,Trader_1,Trader_74,2732.15,2024-08-05 05:00:00,TRANSFER
0x7c7032359ea34b42,Trader_41,Trader_17,954.32,2024-08-08 12:00:00,TRANSFER
0xbf442655489838b4,Trader_25,Trader_69,842.46,2024-08-17 16:00:00,TRANSFER
0x6188af2608119441,Trader_14,Trader_96,3012.27,2024-07-08 13:00:00,TRANSFER
0xf677273a277aa1dc,Trader_31,Trader_96,3892.9,2024-07-16 12:00:00,TRANSFER
0x4fa6e6766fd829ea,Trader_69,Trader_85,3862.82,2024-07-30 03:00:00,TRANSFER
0xba8266076802b96f,Trader_43,Trader_19,1283.26,2024-08-28 18:00:00,TRANSFER
0x8b69e2a085dfb3fd,Trader_53,Trader_23,718.33,2024-08-30 13:00:00,TRANSFER
0x22b2703c77a49707,Trader_88,Trader_39,4543.29,2024-07-26 03:00:00,TRANSFER
0xf78fd6943a9d2c2e,Trader_85,Trader_67,3333.94,2024-08-08 11:00:00,TRANSFER
0x6357b532b9d2f732,Trader_83,Trader_75,2321.21,2024-07-16 22:00:00,TRANSFER
0x2d21279fb04f7d34,Trader_49,Trader_45,34.03,2024-08-26 20:00:00,TRANSFER
0x1fd1d56b35b2557f,Trader_4,Trader_92,3188.4,2024-08-28 00:00:00,TRANSFER
0x91d123b4662737b2,Trader_73,Trader_33,787.7,2024-08-09 15:00:00,TRANSFER
0xd5b045adfbcdba27,Trader_95,Trader_27,3397.19,2024-08-17 03:00:00,TRANSFER
0x3e8731de4cf1d219,Trader_4,Trader_24,1737.88,2024-08-16 14:00:00,TRANSFER
0xbdccff334c0568f8,Trader_48,Trader_98,527.51,2024-08-30 09:00:00,TRANSFER
0xf18ed7d5ffee9a38,Trader_60,Trader_45,4217.24,2024-07-21 06:00:00,TRANSFER
0x6f0e79e08aaa3b18,Trader_98,Trader_18,456.94,2024-08-09 21:00:00,TRANSFER
0x5d9815cdca13e5de,Trader_21,Trader_9,1095.48,2024-08-11 23:00:00,TRANSFER
0x6534b96a6c062768,Trader_26,Trader_70,2918.09,2024-08-12 09:00:00,TRANSFER
0x73e56305e242aae8,Trader_41,Trader_88,868.57,2024-08-19 09:00:00,TRANSFER
0xa415e18dedbe2766,Trader_81,Trader_67,1114.85,2024-07-09 13:00:00,TRANSFER
0xb82167179ba64d25,Trader_60,Trader_97,4962.93,2024-07-11 20:00:00,TRANSFER
0xe8829128273dd66e,Trader_59,Trader_78,1528.78,2024-07-22 01:00:00,TRANSFER
0xa0a106a46d08e623,Trader_16,Trader_12,2566.69,2024-08-25 09:00:00,TRANSFER
0x89792138cae1dee9,Trader_39,Trader_23,2651.56,2024-08-18 12:00:00,TRANSFER
0x15bd636ad0e444ce,Trader_43,Trader_14,31.45,2024-07-12 15:00:00,TRANSFER
0xc8d854c1bab78506,Trader_45,Trader_24,4918.08,2024-08-12 17:00:00,TRANSFER
0xea80ae12f6661ed7,Trader_41,Trader_60,2477.97,2024-07-10 18:00:00,TRANSFER
0xb9b7cf1224c2d79e,Trader_45,Trader_70,4242.11,2024-07-04 22:00:00,TRANSFER
0xf92eb28e9802210c,Trader_1,Trader_85,556.72,2024-07-14 12:00:00,TRANSFER
0x200aa76a85e96cde,Trader_49,Trader_68,1055.91,2024-07-16 07:00:00,TRANSFER
0x75282d33b4c02539,Trader_47,Trader_57,2515.86,2024-07-27 23:00:00,TRANSFER
0xd554b558578fd3cc,Trader_53,Trader_61,2275.77,2024-07-27 04:00:00,TRANSFER
0x18fbf57aadaa0de0,Trader_87,Trader_84,4151.51,2024-07-02 00:00:00,TRANSFER
0xb970cd4a1d4547ce,Trader_59,Trader_60,903.19,2024-08-02 17:00:00,TRANSFER
0x6b6007d9afd89a60,Trader_1,Trader_17,3956.23,2024-08-02 14:00:00,TRANSFER
0x5c379612bb20985a,Trader_54,Trader_85,3980.92,2024-07-15 14:00:00,TRANSFER
0x2f5dc8f9bdf2519f,Trader_3,Trader_57,2967.91,2024-08-22 11:00:00,TRANSFER
0x60af58fe1c0efc8f,Trader_76,Trader_22,2791.19,2024-07-26 03:00:00,TRANSFER
0x26b5b45cac93d752,Trader_83,Trader_15,664.05,2024-08-27 06:00:00,TRANSFER
0x483626683db55cd3,Trader_25,Trader_14,1698.45,2024-08-28 17:00:00,TRANSFER
0x55ecf435b6f198c8,Trader_8,Trader_32,4441.01,2024-07-02 22:00:00,TRANSFER
0x35ac223ce8460843,Trader_10,Trader_49,2769.32,2024-07-13 21:00:00,TRANSFER
0xe3cccad919583571,Trader_35,Trader_23,4227.93,2024-08-30 10:00:00,TRANSFER
0x52cbec3261117abf,Trader_2,Trader_26,2095.84,2024-07-08 17:00:00,TRANSFER
0x7394bb54687bea18,Trader_52,Trader_18,3966.03,2024-07-06 12:00:00,TRANSFER
0xf2a187258e1160ea,Trader_54,Trader_95,4442.22,2024-07-30 07:00:00,TRANSFER
0xbb41458590144ef0,Trader_98,Trader_8,1385.93,2024-08-14 05:00:00,TRANSFER
0x5cc9b76ef2d99d88,Trader_40,Trader_95,4143.13,2024-08-16 20:00:00,TRANSFER
0x565bb9bd9b9a7000,Trader_71,Trader_47,1728.84,2024-07-29 00:00:00,TRANSFER
0xb040952ff9096731,Trader_93,Trader_8,763.11,2024-07-31 21:00:00,TRANSFER
0x6ad9c813e3bb431b,Trader_7,Trader_29,998.21,2024-08-02 15:00:00,TRANSFER
0x1daa378d0fd7ddff,Trader_2,Trader_44,2047.18,2024-08-03 17:00:00,TRANSFER
0x777f02e4fc1f5947,Trader_24,Trader_87,3190.85,2024-07-18 08:00:00,TRANSFER
0xbd2db3916b565935,Trader_3,Trader_36,3390.89,2024-07-02 23:00:00,TRANSFER
0x9d0e7bcbe634c0d0,Trader_60,Trader_90,2439.62,2024-07-21 11:00:00,TRANSFER
0x5c526f00e2923682,Trader_40,Trader_45,3394.12,2024-07-15 22:00:00,TRANSFER
0x4cae638c8b8088d4,Trader_99,Trader_52,4167.91,2024-07-23 21:00:00,TRANSFER
0xbe58a1a7e0f1dd95,Trader_33,Trader_38,3549.64,2024-08-27 21:00:00,TRANSFER
0xae5c3b5b71976ce7,Trader_84,Trader_11,1980.57,2024-07-11 04:00:00,TRANSFER
0xb61c6fb46c57128f,Trader_80,Trader_92,3265.86,2024-07-24 09:00:00,TRANSFER
0x8c8c413f0afef709,Trader_16,Trader_26,2343.9,2024-07-11 14:00:00,TRANSFER
0x7ce098df9680e2aa,Trader_86,Trader_68,1068.18,2024-08-15 18:00:00,TRANSFER
0xecf53377581baf67,Trader_14,Trader_95,1808.55,2024-07-19 15:00:00,TRANSFER
0xe8e4715cffd4088e,Trader_32,Trader_16,2062.87,2024-07-15 03:00:00,TRANSFER
0xa52fc78e3995e17d,Trader_66,Trader_41,428.02,2024-07-04 00:00:00,TRANSFER
0x0a1427304fb3f8a3,Trader_99,Trader_68,3127.94,2024-07-27 17:00:00,TRANSFER
0xe6a4c29c0f7a57b5,Trader_17,Trader_79,1444.56,2024-08-13 22:00:00,TRANSFER
0xaed091f4baf80d40,Trader_87,Trader_4,2497.35,2024-07-17 10:00:00,TRANSFER
0x0a70918dec4454b6,Trader_60,Trader_57,208.42,2024-07-01 07:00:00,TRANSFER
0xca53715a20924e47,Trader_84,Trader_39,2538.74,2024-08-12 21:00:00,TRANSFER
0x13cc60b9cfb40f61,Trader_98,Trader_37,939.83,2024-07-26 12:00:00,TRANSFER
0x5ff8188aa93c6d51,Trader_10,Trader_1,3536.22,2024-08-10 04:00:00,TRANSFER
0x6a1a79da20557ea1,Trader_37,Trader_49,4690.84,2024-07-31 06:00:00,TRANSFER
0x2f47dffe6b20d166,Trader_13,Trader_18,2213.45,2024-08-07 00:00:00,TRANSFER
0xf94a174b4f661bac,Trader_18,Trader_83,894.82,2024-08-15 11:00:00,TRANSFER
0xdc3d50aad85b0099,Trader_53,Trader_28,1887.16,2024-07-11 04:00:00,TRANSFER
0xccd87ccd099c9b7d,Trader_88,Trader_93,3764.1,2024-07-02 08:00:00,TRANSFER
0xe111155a9435b6ea,Trader_60,Trader_6,1914.82,2024-07-29 02:00:00,TRANSFER
0x67db280e7853b1b2,Trader_8,Trader_59,504.38,2024-07-16 00:00:00,TRANSFER
0x7c98148d04a9dfd6,Trader_95,Trader_31,98.17,2024-08-30 18:00:00,TRANSFER
0x8c2ffe1d52087ed1,Trader_82,Trader_46,4814.72,2024-07-07 22:00:00,TRANSFER
0x4af705e7d26865f4,Trader_26,Trader_48,1568.92,2024-07-25 14:00:00,TRANSFER
0xfb334648af134eda,Trader_99,Trader_10,2869.4,2024-07-09 07:00:00,TRANSFER
0x67958c5e17870d69,Trader_13,Trader_24,277.05,2024-08-22 02:00:00,TRANSFER
0x66cc97185cf47efe,Trader_12,Trader_10,2423.83,2024-07-31 17:00:00,TRANSFER
0x6ecb13734adb9ce4,Trader_64,Trader_6,1875.07,2024-08-22 22:00:00,TRANSFER
0x9d7917c93497413c,Trader_45,Trader_4,3698.7,2024-07-18 23:00:00,TRANSFER
0x55a37177365328fd,Trader_19,Trader_17,2693.58,2024-07-11 10:00:00,TRANSFER
0x6734284fb90046f9,Trader_30,Trader_23,2472.23,2024-07-28 21:00:00,TRANSFER
0xe51843e817d4f841,Trader_79,Trader_1,2649.56,2024-08-17 00:00:00,TRANSFER
0x8bafa1f5d3cf3b82,Trader_85,Trader_67,3382.96,2024-07-19 07:00:00,TRANSFER
0x45602a751c629165,Trader_22,Trader_42,2950.71,2024-08-10 01:00:00,TRANSFER
0xbaabf07f987f1cca,Trader_11,Trader_77,4730.33,2024-08-24 18:00:00,TRANSFER
0x9ee9e99ce6f8a375,Trader_99,Trader_87,169.84,2024-08-08 17:00:00,TRANSFER
0xf10dc9e7499b0176,Trader_96,Trader_49,3290.38,2024-07-17 20:00:00,TRANSFER
0xc55f4848e6c59b4d,Trader_80,Trader_43,3636.45,2024-08-08 02:00:00,TRANSFER
0x0a7d3f7113816686,Trader_64,Trader_78,4702.36,2024-08-18 20:00:00,TRANSFER
0x5b9eb10ba19ee558,Trader_17,Trader_18,3550.32,2024-08-30 06:00:00,TRANSFER
0x021e3aa523c984fa,Trader_10,Trader_88,2535.53,2024-08-10 07:00:00,TRANSFER
0xdbdefe0f7d855954,Trader_31,Trader_4,2550.37,2024-08-13 02:00:00,TRANSFER
0x15485c2565b5c146,Trader_91,Trader_15,1696.21,2024-08-13 00:00:00,TRANSFER
0x58a9f159a6b6cce1,Trader_40,Trader_78,3914.84,2024-08-23 23:00:00,TRANSFER
0x07268346ea8c5ec7,Trader_93,Trader_66,63.27,2024-07-19 04:00:00,TRANSFER
0xd475cf1c0efb995c,Trader_27,Trader_11,2386.49,2024-08-04 05:00:00,TRANSFER
0x782064a43a8e1741,Trader_99,Trader_49,1515.73,2024-07-03 06:00:00,TRANSFER
0x47fd9c45e51bb8c2,Trader_33,Trader_85,3859.71,2024-08-21 17:00:00,TRANSFER
0x8c975afdf11247d7,Trader_3,Trader_47,1141.93,2024-08-09 01:00:00,TRANSFER
0x3d23331b772637fb,Trader_98,Trader_86,2895.31,2024-07-21 09:00:00,TRANSFER
0x15f7a5a686bf2654,Trader_55,Trader_92,4460.3,2024-07-30 10:00:00,TRANSFER
0x806ffb35d3c44e8b,Trader_2,Trader_94,4227.96,2024-08-16 00:00:00,TRANSFER
0xc7b41a8059907e65,Trader_13,Trader_54,690.37,2024-08-26 14:00:00,TRANSFER
0x88a51cd59750d6e9,Trader_81,Trader_84,1825.31,2024-08-27 01:00:00,TRANSFER
0x133ab9db4f1e6510,Trader_44,Trader_51,1978.38,2024-07-19 01:00:00,TRANSFER
0x19aec79aae9071bd,Trader_74,Trader_18,4298.61,2024-08-26 10:00:00,TRANSFER
0xf456252e1a76754e,Trader_67,Trader_76,495.94,2024-07-06 22:00:00,TRANSFER
0x7c38cbb9ddc99db9,Trader_71,Trader_69,3572.56,2024-08-16 16:00:00,TRANSFER
0xtri1,Trader_1,Trader_2,15000,2024-07-21 00:00:00,TRANSFER
0xtri2,Trader_2,Trader_3,15000,2024-07-21 00:00:00,TRANSFER
0xtri3,Trader_3,Trader_1,15000,2024-07-21 00:00:00,TRANSFER
0xstar50,Trader_50,Pump_Admin,2000,2024-08-10 00:00:00,TRANSFER
0xstar51,Trader_51,Pump_Admin,2000,2024-08-10 00:00:00,TRANSFER
0xstar52,Trader_52,Pump_Admin,2000,2024-08-10 00:00:00,TRANSFER
0xstar53,Trader_53,Pump_Admin,2000,2024-08-10 00:00:00,TRANSFER
0xstar54,Trader_54,Pump_Admin,2000,2024-08-10 00:00:00,TRANSFER
0xstar55,Trader_55,Pump_Admin,2000,2024-08-10 00:00:00,TRANSFER
0xstar56,Trader_56,Pump_Admin,2000,2024-08-10 00:00:00,TRANSFER
0xstar57,Trader_57,Pump_Admin,2000,2024-08-10 00:00:00,TRANSFER
0xstar58,Trader_58,Pump_Admin,2000,2024-08-10 00:00:00,TRANSFER
0xstar59,Trader_59,Pump_Admin,2000,2024-08-10 00:00:00,TRANSFER
0xstar60,Trader_60,Pump_Admin,2000,2024-08-10 00:00:00,TRANSFER
0xstar61,Trader_61,Pump_Admin,2000,2024-08-10 00:00:00,TRANSFER
0xstar62,Trader_62,Pump_Admin,2000,2024-08-10 00:00:00,TRANSFER
0xstar63,Trader_63,Pump_Admin,2000,2024-08-10 00:00:00,TRANSFER
0xstar64,Trader_64,Pump_Admin,2000,2024-08-10 00:00:00,TRANSFER
